GCWTVTV22S5HNAIZPAWBMB2LFEQAOUB2JX2Z32BK5VAPSSQI77KOPME7,Convenient 4U Inc,1
GDV5HGQLFNGIBWNMA5VMVVBTGAVEFQLV4RHPQIHYDJ6DXUYENJJLUXNF,Johan Vanden Berghe,1
GA6L3V7QLIWFUCRBJ642F34IUAA5EOBYJE6ANU3SRIKKTETI5Q337QLT,GlobalConnex,0
GDGZTDBXYCXQUBCVAB4RL4MOEU66MARWOMD5WUI2MQKN5PN73XJL4C5S,TheMarketMaverick,0
GC5FGCDEOGOGSNWCCNKS3OMEVDHTE3Q5A5FEQWQKV3AXA7N6KDQ2CUZJ,Stasis,1
GD7G45BP77GVWXLY3F6S5JVINLVGY7TTACMRVW7MXBJL6OMHU4YKNVP2,StellarChain.io - Cold Storage,1
GDNWV7SSKQ3Y63N3OKGSULKTGAXDHIN5ZU6VMP4STBQEEUCPNU3KQPGZ,GoDfkLJ7QL4dBAq,0
GDQ5ZCLSX67ZSVY4HNYN35DSXH4OSGOCGUMYDU6WC57RGJ4DMY3URAYY,RAVECOIN,0
GBCB4WO6J4ET55RWK2SVX76LUQ4PQ7TCDHG2YFILQML7D6XR3HACLXAU,XAU,0
GDW5WRK66TOCRTFNEP73FE33GYOFYDYCFTXYERS3YV6UA74EUD7T5IGL,Test Label 2,0
GD4GTR4RLC4OJPVLQMZJLYMXM242GDGDOYMKCFU62FLGKBEQQ62CO3MA,Test Label,0
GDZURZR6RZKIQVOWZFWPVAUBMLLBQGXP2K5E5G7PEOV75IYPDFA36WK4,AtlantisBlue,1
GDZIMUJH5SJWPCVUDUZNBZD2AA4SELFK4Q3JS5KSRB7AWHY4X5ISWISS,Scam,1
GDZCEWJ5TVXUTFH6V5CVDQDE43KRXYUFRHKI7X64EWMVOVYYZJFWIFQ2,AEX Exchange,1
GDYZCNPVAPCUFJPUCDLPK4TSOLCATLJ44XGYDXQYIORVSD2GEWMHMCHU,EXMO Withdrawals,1
GDYTZV3TOKNAHV4BUMNIS3D3RKXKFALKN54M2V74BLND4ML43A3IDZBK,Spam Issuer,1
GDYQNEF2UWTK4L6HITMT53MZ6F5QWO3Q4UVE6SCGC4OMEQIZQQDERQFD,Ultrastellar yETH Issuer,1
GDYNTGXBDWARLJ34GRQ4ON4EGBXSTPR5LEDTD5LLOOHPS6EZU6QXIIYO,GoodX,1
GDYG7OEXT7GO2WOYJKRFMYK6PXQTPFRKO4JSNRRZWE4JM2V6QWQR2QZD,Uhuru,1
GDXTJEK4JZNSTNQAWA53RZNS2GIKTDRPEUWDXELFMKU52XNECNVDVXDI,VCBear,1
GDXKDBLIS7VSC2Y6GBNJWAED2VW2IR2ZVRUP3VOJLV7VITSLACQINDUS,Scam,1
GDX7YFSJODKHTQFYHOAY5LM4E4BJRONH5XTUXLXM75G3O4UVNVTYY57E,Scam,1
GDX6FFZUVSYTOV23NP2PUUGQIORTWQHUXXPXYOUIOY6CDQXG4NP6OEQ7,HitBTC,1
GDWYCXDRHIKEGYMR45SAC5O2YXCPWUBZZEDFZPZQ3OS7XZJBDCMBON6Y,ChangeNow,1
GDWXO4MQJ7VZYJREB42H6H7KX5ZJ6TVYXG6DIIL6A7JOVFJIVBPQT3PP,Scam,1
GDWNY2POLGK65VVKIH5KQSH7VWLKRTQ5M6ADLJAYC2UEHEBEARCZJWWI,SDF Inflation Destination,1
GDWKMHRC5ZIGMBJAULUFDK66YMC756LDM7UZSDNREIZKLJ4KIEEM5CK3,Coinbase,1
GDWGFCWXIFKOZ5NDTL33NHPWMZASO2GV3N7ALJDSFAIMLU4JNDIOHARP,StellarExpert/HawthorneAbendsen,1
GDWFLXHM44UDVDSN4K67PJSPJ4GENIN2IDP2RCEXM4NFMMNFXP7PS2TZ,Phishing,1
GDWDKSV247DCZKSLTR3CSC5V6MJT7GFD6TBAN46BKWDNKI7OFUTBM3NC,AQUA Airdrop 1,1
GDVZHHQR5MCQ2QZSMQ4QTKAGYUW7CLAJHK42R6VRIPTBC4AWJ2DCCTTL,Scam,1
GDVSTMOKDOQ44LPUAFZDTZJODR6S22N2GPHC4E2FD52YNW6TYEUEBOJH,Scam,1
GDVKY2GU2DRXWTBEYJJWSFXIGBZV6AZNBVVSUHEPZI54LIS6BA7DVVSP,nTokens,1
GDVAG3AXJUWVCBERVSREHG3ZIBMZ2ETZJ3RYCOYCOQIC7YUYQS7AR33Z,Scam,1
GDV4KECLSZLKRVH4ZTWVAS4I3W2LPAPV66ADFFUZKGIVOTK6GMKGJT53,Keybase Space Drop,1
GDUZXK2FIGNQIZLSMEDMKZLPA3CXW3FXEGU2GSVPO6KOR5WVJHHOQUSA,Scam,1
GDUKMGUGDZQK6YHYA5Z6AY2G4XDSZPSZ3SW5UN3ARVMO6QSRDWP5YLEX,AnchorUSD,1
GDUI73F5LZA47F4CBUNDT7FLWJ4U6DJQHDU3N3L55AONLUFV2QANT5D4,SDF USDC pool,1
GDUHTN3E3NS5BXYIF5KWCWHIY6ZEWMF3MFCFJL7X3DV2MRZVNELOQXLM,Scam,1
GDUEBAIU4UHSJ2U4V7KOGJ4GNDCECI27QV2JA4UZ6C6J6IQPIULHFJF4,Scam,1
GDU7SORZ6HL75VEHQQS7STG5DILY2HAXDGMNIZZ6EPB4C7RFVP3RFV4Q,Scam,1
GDU2FEL6THGGOFDHHP4I5FHNWY4S2SXYUBCEDB5ZREMD6UFRT4SYWSW2,Cryptomover,1
GDTNE54IWDB3UQLMIUSBKIDTMUW7FNKBU4VB2GVW4OL65BZN7W5VRNVY,SDF Operations (Old),1
GDTKY3UEUV57FCC56MUOWRVR2MUMVFX2Y2RBVTB7Y7CQMC4NREZDDOMZ,Coinbase Withdrawals,1
GDTEQF6YGCKLIBD37RJZE5GTL3ZY6CBQIKH7COAW654SYEBE6XJJOLOW,Lux Payband,1
GDTEF42FQYS2NVVGZP3BOWDSGZ276ADSZ43ZV3H2YUQHZ4BEKCA2YK4E,Phishing,1
GDSVWEA7XV6M5XNLODVTPCGMAJTNBLZBXOFNQD3BNPNYALEYBNT6CE2V,WhiteStandard,1
GDSTRSHXHGJ7ZIVRBXEYE5Q74XUVCUSEKEBR7UCHEUUEK72N7I7KJ6JH,Stronghold,1
GDSRCV5VTM3U7Y3L6DFRP3PEGBNQMGOWSRTGSBWX6Z3H6C7JHRI4XFJP,TokenIO,1
GDSDCJYXH4VRB7CXGOMUKREM5HU3EV3ECYDD2HDD5HJUVQWGM2MGA33T,Scam,1
GDS3XDJAA4VY6MJYASIGSIMPHZ7AQNZ54RKLWT7MWCOU5YKYEVCNLVS3,TheFutbolCoin,1
GDRPFKBQ5RTD5LB4OFEGKMZI6R3CXNGU2QJD4J2HNUUT6V37YWFQ6334,Scam,1
GDRGJEPIHDKNRHYS4W7JEHPHW4VX4U3V6QDG573VFN47GURDRNMMAMAO,AQUA Investors,1
GDR2LARRPK2ZGHVTPWASQDC6KEFFMJYURQS5DJFGEA2FWLVEBBK3OAI5,Scam,1
GDQSKB25T24N62MHTJGB5ONRURVWEDMZBOGII7B57RZ77CU5CLMWKTR6,Scam,1
GDQRAF5QIZEXOWGURHVDYIEFSPAHQF5SRO7PIAB4GAZWK3OQ6MXF5U5P,Scam,1
GDQQJ4K2QSWVXJ62TTE7OW7HGX52KGGLM5RGK6Z372KUI26ZKF2V3JHW,Scam,1
GDQQ56KG2RSSL6H4CNSZM4BCUDOWS2PM5DWROR6K7RGPHVUQDILUXD6T,SimpleSwap,1
GDQP2KPQGKIHYJGXNUIYOMHARUARCA7DJT5FO2FFOOKY3B2WSQHG4W37,Coinbase Deposits,1
GDQOS4CKJF56DPQYAMMLCCRHI7RGJVDELA25TUFJ4VGGPGSIDMYKIZAE,Scam,1
GDQNI4Y5333J77RYXT3YKGIADQO774JVL6QMQPXQK2QJH43MMO666BAY,Spam Issuer,1
GDPNFXA4URGOY22OHPUNT6CWE5YNW3WFJ46BZRJKOF7TQ3V7FPEHEGBF,Scam,1
GDPJALI4AZKUU2W426U5WKMAT6CN3AJRPIIRYR2YM54TL2GDWO5O2MZM,Ultrastellar BTC Issuer,1
GDPB3BGHJAHAKVIWUNLST7N6OGZ73W6AUAI7QDZJW26LEWL46VDAKBH6,Repocoin Old,1
GDP6R2XAKNKJOUGEWSNNAZ3WXT4L335VXLNZ3J4VDPVSCEKDMWRDHBQN,Scam,1
GDOXP56C4SBKZM7NIURUANA63NXTRMJUEOWVR6Q5KJSBGIO7UAWEBSEP,WireX Deposit,1
GDOSRVHMQPZE26Y2RIF65XRIQWT4DLFUMDHDX4D4W257LE7VY3ELPPH3,Scam,1
GDOIR5AUHBO3V7N65RKNP62N5B32ANDG6WWZZPVPNGNH75LC2LJOEDE6,StellarExpert/Sadar,1
GDOEVDDBU6OBWKL7VHDAOKD77UP4DKHQYKOKJJT5PR3WRDBTX35HUEUX,Scam,1
GDOD3EW7SAJXVJB43R7LDR4FC4MFXES6KJ4YGGFTWSFID3XV6WL5W3LY,Scam,1
GDNXSZSF7HIGVRL2LG6VWXN5PWV3KHI77DQTHLLPKNPLUZFKRRDQJBXP,NydroEnergy,1
GDNW6FQER3BCLHMTH2FR6MIQWD7NGXQORP3A3BBCIBGOTQKWMF3Q3AX5,Scam,1
GDNUVPUOMWOF2ML5FA5E4HQDX7EHV3VCJTLLTO563PUMZKMHJUJIJSYI,Afreum,1
GDNUQFXPVDMDBPNE7ZTVGYIA6VM7LEOTGHAWLIQMFY7Z6DNPZIXRNWTF,Phishing,1
GDNQAK7B3WQKMEGKJK6FCDKIMKHOGYR7E637GCLFHWJOPCYE6VBALYDF,WhiteStandard,1
GDNKFX7Z55JSKP3VPLF2AZ2VBXCLKLBGGJ3ZDHZ56CAAAXLBN2MR5O2P,Scam,1
GDMXNQBJMS3FYI4PFSYCCB4XODQMNMTKPQ5HIKOUWBOWJ2P3CF6WASBE,Cryptomkt,1
GDMSXC2ERUAKCPSYUZSMAPXDV44MZR3JVUBJZW63I6RKE6OX4OOONWBN,Wirex Withdrawal,1
GDMS6EECOH6MBMCP3FYRYEVRBIV3TQGLOFQIPVAITBRJUMTI6V7A2X6Z,SixNetwork,1
GDMQR22ABZ5MWNPD4GAOOPANUB3VSFHYQD6IP5EYIFRV4WS6BSF66CHX,Scam,1
GDMEBQP7NSJBDFGRC4I6HRJODHLLJ6AWZ34YAMY5VIP2BM2QV6OIQZG3,WireX Deposit,1
GDM4RQUQQUVSKQA7S6EM7XBZP3FCGH4Q7CL6TABQ7B2BEJ5ERARM2M5M,Velo,1
GDLZWM5Q62H5GWRFIJEKFUMTZ4HYHY6WUAJU4Q442Z4H47KGHPUZFUAL,Scam,1
GDLPCKVNQZ3337RDURRV6MCKZATJGPLVCKZQXXGQW6JTITW6IEBZBTLT,AQUA Voting & Staking Rewards,1
GDLJS5SWQQOCB2B2HFCZIMRSAHLPJS427AG2UBOSUMG6TOCBOE5ZTMA5,EXMO Deposits,1
GDLIVNGCSGHEVACF24AM5AIOWSR4UW2Z2J5FXX6F5SVA2DTC5AQ5S2YW,Scam,1
GDLE7PMXCPKNALUQP6VLZTDUD2O5SJJ4GKKYXUME6KWHCPEAVGIWY6G6,Bitmart,1
GDLDGDZXFCXPXIEGFSNZZ52TLNKGCUM3TUHPPMYKVD6DASRH2JD3KNE3,Coinbase Withdrawals,1
GDLBNBE63FNHRT5EH2QE6773VUMGPMNZV6IOSXBG3OE7MVZEDVILIKTT,Scam,1
GDL2BFLJ7EWDFOMJG2RMB6P4KVN7BFXBCQXKMPL33WETCSLQYWUMGRAM,Scam,1
GDKY2CIGJMAGA2ZDTGSMF6LROXLRWP4E5BQU7ECEVAWGGRGIBQ7HKNWZ,Wirex Withdrawal,1
GDJYUQUBQLZ6Z74FRRIGIPEOMEZUO5MRLHPJJGMFJOKVUUJRU7BLACTA,Scam,1
GDJSIJFUXQXPVV2Z4GMBDA4HJV5WO7D7CYNZYO6QI6L3WHNAY3P7BPFI,Spam Issuer,1
GDJMYL6VG52AL5YBW7XW6DZ4CXDHW3XRLM6ZQO6PDCFLUR47H6BQ5NLX,Scam,1
GDJHQTKAUW36VYUYMMWSEMMLDZNFAOCPFGVU3UYAIZSMCEFEL6URDMUV,Scam,1
GDITHXDSD5XKIUBR4T3BHHZ43PEUDYGMKHJY7O4Y7T3Q3QSATZ7O2HMH,Wirex Withdrawal,1
GDIEKKIQWMIZ4LD3RP3ABPN7X5KEAEWYMR634BRHB7EULIMEVREWLF3G,Centre,1
GDHX2TXUCR3XR2Z4KDMIAWY2KRGJC6UG2BJM2WDUAMWH3N3IDI6QZGRK,Scam,1
GDHUWVY55T2MEHN5WQN4S3MCGE24J7TA4AXQQKQFTMNRJO2ZND6JZJ4J,Scam,1
GDH6LRG2RPZMML3RMEHMS5PNYUFJCTOA67MJD2SLFETNJV7BP65CBOJH,Scam,1
GDH5B7J3J2ZVRELVRTSBZNFM3M7MPYHS7YMKCGP54YUUD2G4XDKINDUS,Scam,1
GDH2WFI2HQOKSRSKOCDT4BU26RNVTJ2S53G3XBSSEOAPBZLVTPPSWDUO,Scam,1
GDGTVWSM4MGS4T7Z6W4RPWOCHE2I6RDFCIFZGS3DOA63LWQTRNZNTTFF,Ultrastellar yUSDC Issuer,1
GDGQDVO6XPFSY4NMX75A7AOVYCF5JYGW2SHCJJNWCQWIDGOZB53DGP6C,Ternio,1
GDGO6TGQLDCUYLQU3JOCSIU7CVCVUC2VHSTUUDPOUEDSZ2L5K3SWO76Y,Scam,1
GDGKBRCPW4C3ENNC5C64PE6U33MG52GBKFXOK5P3OSWF74DAOXRXV6OJ,Nezly,1
GDGHWZ5ZVOQOP73LRU5SXWP575MT7LWY3CCAMVIIDBRNTMN7JYLTIZVH,Scam,1
GDGEHGS55GAR2TQHLUQEPLWPEUAGGDJTLLDITVASE72TNXDZRYQFFY4P,Scam,1
GDGDECMFS34OVTQJKTCHORPE7LOYDH2XYNRMUHLGCJFP56VUN6AW5LCF,FreightCoin,1
GDG5YYE7DZRCASJHJS54E7ZXI3DWE4YPG7FQRVEENUELWLN7345RMVLK,Scam,1
GDG4YS5QMFOC5NT2HNATHIB4BLGNEJ7OPWQTXAQ7NGJLWOVFJGSEKAL5,Scam,1
GDFZRPLTLY4HZXHRMN3J2LSSBNE3SRTLFWC6AKV3TS5TXBGYPJVZY44P,Wirex Withdrawal,1
GDFNZC67TH7RPXVAYWE7SGDNA2JA2QEIFHDR5WK75W7ZKMMWUXMNC5Z4,Scam,1
GDFI6NFZR6QXPEX7RRVSIWBQHROGR4JYFT4ZJISKAFUPQQF33DRDR7C5,SimpleSwap,1
GDF36MDMTL56QDCTXM5HGGHZ35GM3NYEKF272X5B2JE2N32ONBBY374Q,Scam,1
GDEZDZYWGBCIXWEMEZBTUE4B5H6N4WBYKVY6GQBKCFIL5HOUUNUOI6S3,Celsius,1
GDEUQ2MX3YXMITFOTC3CO3GW5V3XE3IVG7JKLZZAOZ7WFYIN256INDUS,Scam,1
GDESC7QUBSZURZYW3URLNRCRSTUMZNAMAJ35BH4VTVPD46FQ63BURPO5,Wirex Withdrawal,1
GDEGOXPCHXWFYY234D2YZSPEJ24BX42ESJNVHY5H7TWWQSYRN5ZKZE3N,SureRemit,1
GDDGWMB5BPBAXFS5KCAI4VEIZMJYXPB7ECDWOG7XQ5DVQ47NJXRNJKKH,Scam,1
GDDGK5C7UQWC7AEFZZVO7KXRXZVP2BBQJ2IQFAIROKME2O3XQR2CMVC7,Stably,1
GDDACN4WMF43EOMQZXR22WOGHNOAIQVUGC3TVQIOYYCSVTGOVF5HGWGX,Scam,1
GDCHDRSDOBRMSUDKRE2C4U4KDLNEATJPIHHR2ORFL5BSD56G4DQXL4VW,StellarTerm Pool,1
GDCGAINCTWVBSZD6HYX67X2A36J5XJFBDJPJCM6PMLCDTQ3WIUSNAPDV,Hack,1
GDC7UWGW676LQFJLEVWVOYOKFGVTPDQ4LVP27QS3W45XDDT4UQHWHHO4,WireX Deposit,1
GDBOHBEMEAAO3NFU7NFCZV3SJQPHGLU2BZ7H6FPWI3Y3DP6TAVHKBHZ7,Scam,1
GDBODIQSZ4LAHYJAGVDATIEUNFPAADG2X4T33ZIX6UO3WNOPEGXV7VRX,SDF/Kolten,1
GDBKXR3ALWBJHTEWUNY3Q57IKQ45NWVFC5AWXHWEP4I5G3RX7BERZAIN,Apay,1
GDBGLDEHQABEF5ASLE6SV3YYDDJIIAZOD3IYT2QQ7Y6WO7QXLAHTFZ2W,Scam,1
GDBCHKTHJUKDGSIQSTBUXFWVP3QVART5LED6KRZQ5X4Z5WLT4BGYXWCI,Cryptomover,1
GDB6OY6JXWM55M3KOYML6YX7ENRFIMR4Q7Z6MEIXP52ZVMZMTWGLMMGS,Scam,1
GDB3GJCDWLAMVV7ZL6Q7BH3PGVMFWHA5KSRIY2NML3RXX35ESL3MBOXU,AQUA Community DAO Fund,1
GD7UVDDJHJYKUXB4SJFIC6VJDQ4YADQCMRN3KLHJFV4H6NIUAEREVCO7,TARI,1
GD76TKZP7YI6VC4ICFHXRRXVE7J6VLSWHCM4H6DDDMYQ4R62RGZJTHEX,CityStates,1
GD72BLKILLE57MOFMB5YCB3IGZKSREQXOSZQ4UT7O5CV473S2F3TPBQA,Scam,1
GD6VRXL2KFX5BCWKE6RRKVWKAPWI7PAO55NWURLHJ5EI6S46UEWT6WC2,Scam,1
GD6RMKTCHQGEOGYWIKSY5G7QWXPZOAEZIKPKEVZUAXOQCZRVBRRFGLJM,NydroEnergy,1
GD6EEM6XL24SEIEP7ZNSTY6JS3NWHLTLK7VYF74OBTUUYGS3BV3YYG2S,Coinbase,1
GD5TFLGDYGTJNKJHPG2OEWBDUALIGPGPEDDZOZXSOGUBRGE76GL4AEB5,Scam,1
GD5J6HLF5666X4AZLTFTXLY46J5SW7EXRKBLEYPJP33S33MXZGV6CWFN,Bitbond,1
GD5G5KHNHXI7PKK73OC64OMPNIXYCK37RBTF6LEVLDMQE625YYFAVIBG,Scam,1
GD5EP2NHIOCORMXSPZ5OOXRKSKNALGRFAHVPEROA5IW4S2HV46Q5JB3P,Scam,1
GD57LIOPJ6DQNFBM2LLZNUDARWPAJCEGJ6O3QD6UPIV2RNEY6RMDJ3G3,Scam,1
GD4T35DMXYDE7BJWYPUWK43VFJO5IBUQYG2YGMICPTWP4JTNWQELKAVA,Kava,1
GD4MJHIGMXVZ2RMXARKSVP6MS5VF3DRJRD3XYHNALHKDLNVRILMSSSTX,AQUA Signers Guild Treasury,1
GD4K4475PI45TV2C4PV4XFTDNREVKWUYLWOAVUC2YXFHQ2KYPWBO36QO,Scam,1
GD4J347D3NT267QWCMJDZKJPEQFO2VENLZV6NUHFJQIDVMHGPWYRZ2BC,BitGo,1
GD4A3WU5XVI6FZFZJKIAEISP6JHPEU3ARLPK46KNXA27CEBWQRT4ZYWQ,Scam,1
GD3M4P2EF2VBNIK7AH3PP2ETXWORR46GTQNP45XID5CGEBITA36B367P,Scam,1
GD3BX4Q2WMGEMG347PDWS2Q2AWEINAQ57YMYDC2EA7ZYM7QG52OLB7YG,Scam,1
GD33QBHRPHI5APFSUVMHJN7SVZK5DCMS4EOXO3TC2NBZ3HA7JXCT75Z3,LuckyFish,1
GD2YURFWC5LIRLM4CCVZZHCFV6WXO46VOSBBPTJG6MPQN6ANYZZOLQJL,MartialArtsCoins,1
GD2XKSZM5MLD6EFHVVP43YEZSOQ6HIU46PCYWV7FJAKGS4VIDREDNW37,Scam,1
GD2XBAQWGYK2NND34CBDDZJIF52NGLKLH7X6U63ETCOPIRMGQOPWAMFP,Scam,1
GD2RRX6BKVTORZ6RIMBLWFVUOAYOLTS2QFJQUQPXLI3PBHR3TMLQNGZX,Liquido,1
GD2HOBAYJWQ6WO2VB3HLGYDISBWXOVTHBWHOP23OT2A2C5UVODJW7PM6,Scam,1
GD2D6JG6D3V52ZMPIYSVHYFKVNIMXGYVLYJQ3HYHG5YDPGJ3DCRGPLTP,SDF Escrow Jan 1 2022,1
GCZZSLDAXC3RSQVKOUJZZOY2MBD3CF7T3HDZKF4AR4QM4UX5SSAZHM56,Scam,1
GCZYLNGU4CA5NAWBAVTHMZH4JXWKP2OUJ6OK3I7XXZCNA5622WUJVLTG,SureRemit Swap,1
GCZUTICRTUPNNVXKGXZBEEZXMPYFCO3MQIT3K4OPIUBRHKNHC5FPAKXB,Apay,1
GCZTW7ZWTX7EHRS23NF2IWZOUTJXLXC3Z3TEXV2BV4JWORXYSTZ6JVIT,Wirex Withdrawal,1
GCZNF24HPMYTV6NOEHI7Q5RJFFUI23JKUKY3H3XTQAFBQIBOHD5OXG3B,Repocoin,1
GCYWTDEOHOG54AEN4AGD3OJNIC4U55JFGPNSVGUFEQC47EOHOU2NAJ4A,Scam,1
GCYOBYLM3BGLFUFNMVTELO7JK6FF2GWR7MYSWG27X26DWEGZDOG2PSNJ,Scam,1
GCYNLUPQ57HQT354QEPPD4UHBTJL5G3YTB2SC3XTBCYYSO4ZRQKKIPAY,Scam,1
GCYKQ2627BPKMSUZJK64GPYVKD4TRNACP45X6B754PR6TCYJXCHGUTWB,ApisCapital,1
GCYE7C77EB5AWAA25R5XMWNI2EDOKTTFTTPZKM2SR5DI4B4WFD52DARS,Anclap,1
GCY74NNON2N3TFLE5RICRIDBRDPFRZ4NZ7REL3J4IYAINGSNKR2HTHFF,Scam,1
GCY2JTEDDLLJF5XMTZURXILXTLR275RZBWUZ3RCMV6ZRBPIPXJE4D4HZ,Wirex Withdrawal,1
GCXOJK55F3UMCSRTQ7YMMMUUPTBOEW7JNMHVP5JAPXGILGSHC723O6Q4,Scam,1
GCWXXU6OABUNBTAAKCNSUJZN3URC72KYMYBNVGOIAIW35B5LH4AARIOL,Scam,1
GCWUVHYVEA3WZJ2EWR66P44YWQVRVI5SHI7H6MMYGGB4HKEFE6XJFUJC,SDF/Tomer,1
GCWL7ACP6P5LHJB7OOVRDYH2U4WVQI4RFHSAYQQAEIPZCLGHUV6FJF2E,SDF/JRice,1
GCVYDIIIMBRFSQWR2J2G2S6LFUYYD5FSFQEQ7SG7K23TO27X2CKZWNG7,Scam,1
GCVYD5CVLOJDGWGNZOX6VWYLMOFQG7E2EDR2CPCWGHXJHA4NMKBNVTPW,Scam,1
GCVWTTPADC5YB5AYDKJCTUYSCJ7RKPGE4HT75NIZOUM4L7VRTS5EKLFN,SureRemit Old,1
GCVVHE5ZRYYWOACSB2CZXAAJ7GSHPHJI4KMVRS3775OYVD3XGQEUQOTS,Scam,1
GCVSMG5PO63GVKT6XRQWUGVYXSA2GQE4SVPEMN4TMPBT6UZCTZWQGI27,Scam,1
GCVLWV5B3L3YE6DSCCMHLCK7QIB365NYOLQLW3ZKHI5XINNMRLJ6YHVX,SDF Direct Development (Hot 3),1
GCVFC7X3SBI7X4FGF3IV2ECUWQ6VK5UXIQMD7PJ4G2I2XADMDSP22YYE,Scam,1
GCVBUIXKKLH2DYHZRSLZUIZSVJUL74RTW6FVCCEYB2OE3RH7RVDBPCFG,Cryptomover,1
GCUKHGFUA3GP64NC2K2DTQV4DB3LAM6NLZCHSPEU4256YVVCVM3TR3PF,Scam,1
GCU6UHVVX2YEC6VFX7K7WP4I7M4UVHSEHLHX3OZV54O27COPPYWENUKQ,AQUA Airdrop 1,1
GCU3HB4GGV5ZYJNDGPL6SKU4CQXJ7KUPCA34A4KNJU4Y6XD6P6OEEAZ2,Scam,1
GCTXRQIYWEDP6G7OXZI6IXUSIXHHSN5NKYRB3NI5J4Z7G5JMIBHLLBTC,TAMM,1
GCTU5IGQ64IUUDPAXZV3WGTNYWIPTEX6TGNDEGUT4NXNCVMIAFQMVVTZ,Email-phishing,0
GCTOSXKH7ZNRT3LHCN22YLZELX6ARIYUVDK3YUOO5TODPCHJXY4IEFB6,Scam,1
GCTLB7LW7B5ON4QIBIDEWA7MC2KJL2NZEXK24RU32QNOB5IMMCGNLMBD,KuCoin ColdStorage,1
GCTC3K74VXJ3MVH7YYONAM4KGHUFNI6XPX6DR7DHP52B7WNJZ24MYNAY,Scam,1
GCTBV4VJKAPQ7UDDC6TQJ6QSI7CAQUK7N5GYGI2QL6OGE4HDHLACB3DA,Scam,1
GCT7CDHENF5ZILWGNWUXGEWNS6XWM4HDT22LDC2EJ7PKM4SPVXFHOOOO,Lobstr Merge Tool,1
GCSTRLTC73UVXIYPHYTTQUUSDTQU2KQW5VKCE4YCMEHWF44JKDMQAL23,Stronghold,1
GCSTNDWQWZPNELVMJQ76IAVAHINVC4SRTBABEGU7XWYJ7MRWXDJCRGLQ,Scam,1
GCSNY4VMRQY7ZLOJZYS7RDNKBZSSSDANNCWKOOB2AW4NAVXLFW66I2HQ,Wirex Withdrawal,1
GCSJCNVHME7UHSHUDFW4PZLPLR3OM347DEI4I2OLNG43XJXWXULQNUQV,Phishing,1
GCSGZSC64UVUILNEB52AVU6AOBJ5YPMH74YMJM7HWVG55BCTEJOPRUBO,Coinbase,1
GCSAZVWXZKWS4XS223M5F54H2B6XPIIXZZGP7KEAIU6YSL5HDRGCI3DG,StableX,1
GCRVK4PLZQCJXFSLYASSZBYIMAOFUI2GII2DY4I7JFIV6GKLXOTQHVMM,Scam,1
GCQZSKZVMOOYOKUTCL247QF7BMHEMQPBTZI25CV7G7ATEUI5KLNOBVDH,Scam,1
GCQWPALQUGXEO2YCBQL6M7YOOQ7IIYHZOFCAYF3JJ7WNNONADW3RS3RP,Scam,1
GCQU2672HXPTVAHGOEOGTAIE2QKSME4S2W6MIN7SPUIEF2O7GSRNQYGQ,Scam,1
GCQTGZQQ5G4PTM2GL7CDIFKUBIPEC52BROAQIAPW53XBRJVN6ZJVTG6V,Apay,1
GCQQTKIEUL75OJVT3ZDVEV4E47SFPEO2U3WJMWHQYEY2KRRPU2LEUTT4,Scam,1
GCQK5A5HADQO4XELULU73FGTCTC7BUMPKXPJUB4JPKBHCJD6MRLH6PC5,Scam,1
GCQK3ZW6R4C6HCPKD5K4GBSRPSIFPQI7KQS27K557LQOETFT5EB4MYKT,Scam,1
GCQHDR2KSCVNULFX3C2NKFEXNJEUELJVMQAN3OCLAM5KXG4DWQSRMXYZ,Jetmint,1
GCQAWSHINSHBZWTODITWRPCWRVCKFQJUGNM2U66XSH6NHFCETMU3AOJN,Scam,1
GCQ7MZF5J34XWIH763CF5L52U5BN65ZTN66RFQ3UB5PW6UCQAQNB3LIV,Wirex Withdrawal,1
GCPVAKXS3VTLE3HPF7B2Y54J3NOVUGTJYGENP3ZNM2MIVKHLZGK22IVQ,WireX Deposit,1
GCOADTRECBIJ2M4QCHZSVFMJN6G2TZMH334UN765XNXSLJQQUK3YG5Y5,Scam,1
GCO4EFT6KUOQKVZO2O4GR5CJKMARBORXRE7KAKH36ZFAX662ZHINQ6UA,SDF Swap Account,1
GCO2IP3MJNUOKS4PUDI4C7LGGMQDJGXG3COYX3WSB4HHNAHKYV5YL3VC,Binance,1
GCNY5OXYSY4FKHOPT2SPOQZAOEIGXB5LBYW3HVU3OWSTQITS65M5RCNY,Firefly,1
GCNSGHUCG5VMGLT5RIYYZSO7VQULQKAJ62QA33DBC5PPBSO57LFWVV6P,InterstellarExchange,1
GCNSCEJ6OCO4A7CX5ZC7K3NYBLEQGPJ7RW4URIW5H7CPBQYS7RRWEDIF,Wirex Withdrawal,1
GCNRC5WJCKBB3EZABAIKPMOLVJBU2JU6X3ADVLSRCBLW2SK6UCZW6PUP,Scam,1
GCNHYZLBCSVZHSQJ2DOIBHYBF4J24DJYGS5QKURX4AGSLBK6SDJOYWIN,Winsome,1
GCNBUGXDR7OEXOV7HSSMHV64DFQJ3HIZPSG7PHZIKQSSBJRC3EJFA5YH,Scam,1
GCN5GL4LFLVXGD5XSQI7N3WLFSOXFKWN7C2AKDCUSCHTWT2PR4I5ZIAU,Scam,1
GCN2N7NUM5LVSXPCE63LENMXBBBG53VWLDTBNZSIGJ6EUKAMDUEMDHBP,Scam,1
GCMS2VO5ANJCESJBZVC3INFSETS3K4UWMU47W7KSQ2BYASEQAN4NUSTM,Firefly,1
GCML3RPQWG25UXMBHJKXV6ESRAKGHMTSYP3X7ZBZT3O4JIGUJLSQ4SS5,Scam,1
GCM4RSX6MEA64Q2N6ZNQQO5VVWXQI52U2GZWE2O74Z3RRXSGIMR44Q3C,Scam,1
GCLRUZDCWBHS7VIFCT43BARPP63BHR32HMEVKXYQODA5BU6SIGFK4HL2,ToNaira,1
GCLRRIFB6AOABNDTHJAMN6SUOWSMDAUOUYH6VWVV3BQVTDVURL7CLA43,Scam,1
GCLMJKRHWXY65MBENTXIAZEP7QWM2OE3GMVVADSOHDCNN2V6JWPOFBZJ,Scam,1
GCLEHMXLP7SEQZUFJLTFUODIXSH66GH7I5S75YKJSQKFVZ764JDQZZZI,Scam,1
GCL2EXSTHUTSDP75K6X6QIPHXNZ2Y55KC2H3BULW3FT53JGDVHYC4HFU,Scam,1
GCKWNOKW2FO2MTGM6MU2G2TBFT6V4N6RIY2SD6K3UXXK6TZTK24BCP3D,Phishing,1
GCKJZ2YVECFGLUDJ5T7NZMJPPWERBNYHCXT2MZPXKELFHUSYQR5TVHJQ,Developer Support (Hot),1
GCKIK5F6J4KMKF6MKB5EM67S5CK557EZQ3IAMZM5FFAYST63S3HWXVPE,AnchorMXN,1
GCKHHOW4FRPKC2RMSVSSDZIUURCLZST2WHBLVBWW3RHAZHLAREE3T2VE,Scam,1
GCKA6K5PCQ6PNF5RQBF7PQDJWRHO6UOGFMRLK3DYHDOI244V47XKQ4GP,SmartLands,1
GCK4J2VMKLHGVH6ZFSIQGKKEQD3BWOEP7ZERR7AZZOJQML72AWHNDZMD,Scam,1
GCJNDPBLPID3UHKTK3WLYOG2UTENI46VLLAZIRU4ZH7OELKP4XJANXYK,Scam,1
GCJKSAQECBGSLPQWAU7ME4LVQVZ6IDCNUA5NVTPPCUWZWBN5UBFMXZ53,Diruna,1
GCJGYOH2EYW6FFISLBA3L3R3PUYCQ6DQ47GXVAMG7JLLIKPAPV3RLBSV,Dicens Citron,1
GCIL6JNOVODHIZGZBYKWSRDRYUVXWF5ZEVMISJQQJBQRMF5FAH6YOD7U,Coinbase Desposits,1
GCIB6ASDXQI52NHROHAWFLJWTCA4N4DCXO6NKW2TPQINTUDK77WGPT44,Scam,1
GCIAZN2Z6NFWHBFHIXDE4UKH5W7U5E5M6P426JXDUCIRJUAWSTVENVPS,Scam,1
GCI3IB57NAUYPU5SWEMDHT2PGTYOIY4RFLRR7HZNOVMUFOUZXZGJK5JV,Coinbase,1
GCHRGKAGOYJSX7NWOLQQXW5R3JK55XAI4ZQFF2YQWG4AQODUGR6MHWMB,Scam,1
GCHN2EA7WXDEPYZ6KFRO3OUZ6S7MX24IMHW4665MXPVNZVWDNCFIFEXP,Coinbase,1
GCHIYCQYW3JMREHQEKV5PICVRD4CR2HUMTN7ZI3S6O2ANDYVWIDXFL6F,Scam,1
GCGNWKCJ3KHRLPM3TM6N7D3W5YKDJFL6A2YCXFXNMRTZ4Q66MEMZ6FI2,Poloniex,1
GCGLKWJX5BPX2BOCOHYA6KUBZ67FR23DAHLG7VD3YRTGEYGZX57KUGFP,Lobstr Merge Tool,1
GCGEQJR3E5BVMQYSNCHPO6NPP3KOT4VVZHIOLSRSNLE2GFY7EWVSLLTN,eQuid,1
GCEZYB47RSSSR6RMHQDTBWL4L6RY5CY2SPJU3QHP3YPB6ALPVRLPN7OQ,SDF Direct Development (Hot 1),1
GCELJ3UOB2CLXBB6CEAZEE7OIA7V4G3RTOTDZG2YQCXCNSIJOR44BPN6,Scam,1
GCEKL3ESBTIQWZHLQFVWX2XSMVJ7GAEVPX37LMWBN53TOYFWAVEPA7YH,Scam,1
GCEGERI7COJYNNID6CYSKS5DPPLGCCLPTOSCDD2LG5SJIVWM5ISUPERI,Superlumen,1
GCEGDAO4T3UC4KP3I6U5BWD2OZU3SH6TTGARF34PTCITUI4M34SG34WX,Scam,1
GCDOM3RD6DDW7GMG3UTF2XRTXQNZE64P6V6QIZCLHDVWPU6DRXCQQ6II,Scam,1
GCCW6GE4TTTW6UGFHBQ2OUE4FFBDT7DWHCRTD76JX6BP45VUUIKGDFMF,Scam,1
GCCMMUJ4DNVPDJ7ABDD7JA3KXDN2ISCFPSEXIXXGLXKT3HGXV6PPIQUG,WireX Deposit,1
GCCD6AJOYZCUAQLX32ZJF2MKFFAUJ53PVCFQI3RHWKL3V47QYE2BNAUT,Lumenaut Pool,1
GCC4YLCR7DDWFCIPTROQM7EB2QMFD35XRWEQVIQYJQHVW6VE5MJZXIGW,Flutterwave,1
GCBVKNHMKYB4DOPAQQINBXJHFX6HS5ED2HL4AV5U7XBIGKMZF2B7BL4O,Scam,1
GCBFCLUFB67KU4KO5G7UTH3JDIMFZ6UWAB7LYIOBNQKM7KHKQDFBW2ET,Scam,1
GCB5ZV25DGPKHTJJ6H3RHXD5B5WO5RO7V6PT2KBYAQ2Y27M2WAKHGKBJ,AQUA Airdrop 1,1
GC75WHUIMU7LV6WURMCA5GGF2S5FWFOK7K5VLR2WGRKWKZQAJQEBM53M,Frasindo,1
GC6ZWKVYRAUSCLMQYKDQZNTUNVDH2J5J6IELIWHMF7THRUQJQTQFQANA,AQUA AMM LP rewards,1
GC6VFR4CS4P6BORZULUDWPPEGMI3SKSXUMX37EDNGKOJ2QRJOHSINDUS,Scam,1
GC6QAX7K4MHUAJ4K3NRI7CGBCQRRWNULYGUIIG6WCVFVVMC7YU56OOXE,Scam,1
GC6OYQJIZF3HFXCYPFCBXYXNGIBQ4TNSFUBUXQJOZWIP6F3YZK4QH3VQ,Scopuly,1
GC6A7MUSD5MJYSUALYIGFFZJZJG7E4G7RSVISY2DX7CNTHLLFFNPSMCK,Scam,1
GC5ZKX5HPSU7FDRJ5DL66VYKZUVOACM5Y6IFFGW7HWZYYTPQPLSWUEME,Scam,1
GC5VEAWX7C3GSTW7RUKJKMQWXYZFW5TH4NGI4ZQSF6LNLUYSDGBVANBA,AQUA MM rewards,1
GC5LOR3BK6KIOK7GKAUD5EGHQCMFOGHJTC7I3ELB66PTDFXORC2VM5LP,Papaya,1
GC5ISVO2RW6WOOVCBXDJRTFHI464VM3OAODA2EQIZDL7L2ZETXLRJHCI,WireX Deposit,1
GC5ETACBJ4WVLAXGGVKIUILED6ELSO4NSMFL4PC5VDL4AAVWX2XNXUFH,Scam,1
GC5AD5DUPU5HOHLVARBR7S7JE6EOXZQF5Z4OP3IZA4KMIIDULOEB6GRY,SimpleSwap,1
GC55PWRINKYUPX24T3ITB2TOEODO7PFAEKXWA2TNA2UFIBEIUARRBOJH,Scam,1
GC4LYRUW5VTEGTBZ6P2CLAHBQ5TFR5LZ3B3QFDA3QHVKER3BQQKT42HY,Scam,1
GC4HS4CQCZULIOTGLLPGRAAMSBDLFRR6Y7HCUQG66LNQDISXKIXXADIM,Ixinium,1
GC4G2OKXK27CNNC3U4V5FJMYGSPK6JTJJU2R4DZU3QBSMSFHYLMUTQ5F,Shade,1
GC47IWM4KJJX3OAIXOQ4OMI7NMEPCE6TQQ5FM7CVSQWUKPCSFZAOCVYZ,Phishing,1
GC3XG4GVCIU2LCLULFB25EPFO2F4TQ7NZF7RQRA6DPP34ZGI3A5KHY3T,Scam,1
GC3UH7BS22Z4FUVVJJL3JBJGBM3MEGGYBTVLIS53EZMZXZCDHXO2D3FH,Scam,1
GC3L2FLR2QMUSOJ6QMQHKIWUKEXGOXSIN2KY72SDUHPC2KO6HOSQIXIF,LEVELG,1
GC3FSF4ZDWPAVBLHBORNID6PTU6CYFVF27L24RTBI7CIIDVZ6DURFF3W,Scam,1
GC3FI3NVZHPXT4Q4T7ZZHYTBXED2L564V6IXMDFZ6S2HJ2HL44FIGOLD,Scam,1
GC2SMLVDGADTTANDWJN6ZJ64U4TT532FWCAMT4MZUNLOTCDL6LUO5PLO,Pantheon,0
GC2QLNXRQR6IQ62PXMHTLDCNCIFGPF5KZOFT6KAIRG7V4J5IF66Z7EV5,Scam,1
GC2PJ6J37QM3DOQ63DVGCXTRC5QOKAJUBQO2XKBXOJCWTCOCP75KWUDX,StellarPay,1
GC2OJU6AOGKFWX7RQT4IZV7OAS662IV5DAVLEPCEJDXJHTO7B7HMF4BZ,Hack,1
GC2JGWAMDBW7EOER23S56JVRLZXLYSHPZF24AG2ZT3QWB66N4PWTT5DZ,Scam,1
GC2IIDXF2DSZCF4A5Y2QIMK6P3S5QOMLHBIKDPY3WQCP25P7QI7ATIC5,BKEX,1
GC25K7RGEWCPKBBBLOV4JSUDQ3AQWB6R4A24R7TDRAOGM77KICJZHW5G,AQUA Founders & Team,1
GC23DKWAFJDGP2ZB6IRXRJCAM7DXIZLLXIK6I5JL3R35ZPGCDGYPL4WW,Scam,1
GBZL3PXR3DHPLQDYTPNNNH5DGGXUQACPYORGRNDAMLQ5HBLZFWJ2MGOP,Fake Issuer,0
GBZ35ZJRIKJGYH5PBKLKOZ5L6EXCNTO7BKIL7DAVVDFQ2ODJEEHHJXIM,XIMCoin,1
GBYCRM2RBJGSD6DDSVRUSMZB4DIGPJUKGTKOVN6LE7QDTWSN2K2YFWXZ,Scam,1
GBXXWPMKIKYUGVQNYDXVS5CAT52C6GDYJTLDBRVWK7FZYFSGM2E7PRZ3,Scam,1
GBXUI2AYG6PXFXKHRHKBVLVNA5MB5YJR4S3U6NPIKRSLJXLPG7DUZG5X,Scam,1
GBXLR36ZATGCO7VG7KK6VPI5KAWI5BULDX2EWOZIPJTKF4ZY3HGMEMVH,Scam,1
GBX6ZX4TCH6GR6JD64J5ZCFSCPS7EZEJXJI7GT6ZW3YITXZB2BNOJJGB,Scam,1
GBWZHAVWY23QKKDJW7TXLSIHY5EX4NIB37O4NMRKN2SKNWOSE5TEPCY3,Cryptomover,1
GBWMQSLPYKUZW4ZTMQ5CJWBYQICBXUTYS4CNSZRVRQ7WN33H5CZPLAFW,MobiePay,1
GBVVWWN4YP76FKGO7RB42FSZDYD2PBXY2PJY3F6JJWLYU74TKUG775UP,SDF BTC Giveaway Program,1
GBVUDZLMHTLMZANLZB6P4S4RYF52MVWTYVYXTQ2EJBPBX4DZI2SDOLLY,Pedity,1
GBVOL67TMUQBGL4TZYNMY3ZQ5WGQYFPFD5VJRWXR72VA33VFNL225PL5,Stellarport,1
GBVB43NLVIP2USHXSKI7QQCZKZU2Z6U6A5PAHMIW7LLNVMQJTOX2BZI5,Lux Payband,1
GBVAOIACNSB7OVUXJYC5UE2D4YK2F7A24T7EE5YOMN4CE6GCHUTOUQXM,VCBear,1
GBV4ZDEPNQ2FKSPKGJP2YKDAIZWQ2XKRQD4V4ACH3TCTFY6KPY3OAVS7,Changelly,1
GBUZVNXBM2XDANDHVXEEI53H7H3K7X7MXRF7WXKHEOW34GD45LGP32Y4,Scam,1
GBUYUAI75XXWDZEKLY66CFYKQPET5JR4EENXZBUZ3YXZ7DS56Z4OKOFU,Funtracker,1
GBUXAGDYDBV3NPWS3VNULVIRDRMOW2YM3TQJVCJKRUF5OPJOSA4X4DHF,Scam,1
GBUVRNH4RW4VLHP4C5MOF46RRIRZLAVHYGX45MVSTKA2F6TMR7E7L6NW,Ultrastellar yBTC Issuer,1
GBUUYHNE3RETJ6KR7OEWIGXP7CK2IDG7JR3Z3DANS45YOX7B5HYA6GKI,Scam,1
GBUTD5DNV43JBJP7AA657H2CYPUCAAFBXCKX7QE4XXGYIYFZZX2EKKVF,Binance,1
GBUQWP3BOUZX34TOND2QV7QQ7K7VJTG6VSE7WMLBTMDJLLAW7YKGU6EP,CoinsPro,1
GBUMIO5G77562NFZZVMKMAUQL3CCZOGTGTUP6PVVUS2BM7U2WSPHOTON,Reddit Photons,1
GBUAVXCI7JKH6D2ZHZ6KZ7Z5MHHCXHI4DSUUC4KOISDMRPVY3MRBF3OY,FreightCoin,1
GBUA5V4H427KOTM5KMDK63QBEN3KAVXSF7ZFTHSAK6AHDCQKNWJEZ2JG,Scam,1
GBU44GPNHLW5GSGE4HDOEFLSSF5A6TF4BAPQ7ZWPB7YTZ2F4I4L22DOM,AQUA Liquidity Rewards,1
GBTMCKAVADXZCNKQQJLK23RKIAJU4HJSNSI4JSETF54U2SVFLN3ONBQR,Phishing,1
GBTMAMFJYFWY2JWBEK2S5R5BHHARXFJGPC77OSNQJYHLGR6GQMOSV3O7,Scam,1
GBTBVILDGCOIK26EPEHYCMKM7J5MTQ4FD5DO37GVTTBP45TVGRAROQHP,KOINEX,1
GBT7RPGON5A4NIKPNNHO5J2ZRR6QXSP3D43IOHXANAOBI622USYJT37V,Scam,1
GBSTRUSD7IRX73RQZBL3RQUH6KS3O4NYFY3QCALDLZD77XMZOPWAVTUK,Stronghold,1
GBSTRH4QOTWNSVA6E4HFERETX4ZLSR3CIUBLK7AXYII277PFJC4BBYOG,Stronghold,1
GBSSFSRNES6B4YO4SOOZ3OC2JYJSKVGU5Q4I643FOFNCMIZBWETDM4QB,Scam,1
GBSQ3TNSWWJZ2HUVGJXXLV7U5XRK6PQRIIPNAPSXYP3OQL2VVVZ6RPPW,Scam,1
GBSLO3WV74AG64U5VJO6COZAB6KJEBOXOP3ENN5FLGNHGVIM72LQAD5A,Scam,1
GBRPTWEZTUKYM6VJXLHXBFI23M2GSY3TCVIQSZKFQLMOJXH7VPDGKBDP,CharnaToken,1
GBRDZWUG7JCBMVX3ZT7MOJVDGLCYKP7W264AZ3KLLCXICM4QHT6ZFNI4,Coinbase,1
GBRDAW6FH5TGJRNXXCWNVKENUQYKYUEKY5H4EPLDZPXWLZQDRKLCXADS,Scam,1
GBQWA6DU6OXHH4AVTFCONQ76LHEWQVZAW7SFSW4PPCAI2NX4MJDZUYDW,Piiko,1
GBQTMDJG4MAKMT673NHGTXQHEL6KTUWE6VL3SBWTCMBHOJFEXCYHX2GE,Scam,1
GBQL4O5YGPG24C47CYQDAWBTSYOEUCMC2OLUETLMDFIC2ST4LSWCRQEB,Scam,1
GBQ6INIOPMJGKG6PMSS2JNLTZZJKHS74YY5CHIKB7NJBNW762NMJ757Z,Scam,1
GBPTFSPMDWLHLKAD2LGBNVL3RBUVIMQSIX4QC2KDSE3A7JUOBCS4L2PW,Scam,1
GBPJ35BBTUOXNSGUTB6TQQZWUA7EFZS55KY7Y5Z75TVTN7SPNJKXMPYI,WireX Deposit,1
GBPFEXPO5QD3VCKSIHBLVI7DOJP2B6JAZPMZPAV7RWX736KUBJQBGVJ6,Scam,1
GBP4RYNGHJXLLSMUA4ZXE7TZBN7ILFUTLTIKUJFJQGALD3764HJBB5AX,Coinbase ColdStorage,1
GBOYDKMW7MKSXV3UAPTEWVF3IX2EIJ4YOCEH6MOO5XTYOJKIH73YESVB,Coinbase Deposits,1
GBOXNWGBB7SG3NVIA7O25M7JIRSXQ4KKU3GYARJEFMQXSR3APF3KRI6S,BitboxOne,1
GBOBY6M7HGM7J76ZMXCJXIV6YCCGZWSED4SCEJLXF5EQZAZRFDNHGGPK,Scam,1
GBOAYBE3NJKS4WPIVM2H5DVFIDYLAHHD2DAWYL5LLUVYF77M3JIVGCTR,Citron,1
GBO7RCZJVZM2FFQASTPZC6DQ4DFGLCS27CSVGTXIO4JT4SEHNTUEBPBZ,Scam,1
GBNZILSTVQZ4R7IKQDGHYGY2QXL5QOFJYQMXPKWRRM5PAV7Y4M67AQUA,AQUA Issuer,1
GBNQKLH5YAY2IML5ZPAYBGQWDJ7BVUTMQ73SYLU2BE4C5FY7PE5DCYGB,Scam,1
GBNQJ2RKJ2THUK4LMFRTHRHJBVV6JY4CU7JYYFGCGAIAFHTYYTCKFSS6,Scam,1
GBNL5MGOTIDSEZANHDCC7WDPESGGBZSS2X64DZJATN4REHSGKCIVU725,Scam,1
GBMFIYIO3O5ALBTJB6A5J3HPNARF2PQXNWBWNVH7GUHKKP3N7VBYV4VC,Scam,1
GBMBEEMVRGWHWYHWG7XYCDFFR64AID66PSUDYAX5I27ILLHDX5YDJRT5,Scam,1
GBLCFB6F7MIZ7JM6XIAHWO3Q65AYSFCL7WUBURC3RFNO4X6D3DTHACKQ,Scam,1
GBL42UC3XH7SSYO5QAPMS5CLYL5IHLR3BTUZYZTBQCMSNIPZ2Y2VRKBP,Coinbase,1
GBKXQB2W7HOUADW7R32QUKMQD64YTKUCEPCIFJOSINBOF74VWNAYKI5R,Scam,1
GBKTJSNUSR6OCXA5WDWGT33MNSCNQHOBQUBYC7TVS7BOXDKWFNHI4QNH,Exrates,1
GBKKYBY4H2H3XXWWRV75Z6DJHSCBGYDTTCVBHFVY2UWAZQTASZ4WXX5W,Scam,1
GBKKWZI2MFMNSE7IWAVINIRXYIUL7SO6QMYJ55WWUID5RRC6FRZ6DLNX,Scam,1
GBKDMLGO42KYZFAM2VRPG4FY54PCV3J2SPNMQS2WZ2LMGUA75XJD6IXS,Scam,1
GBKAAWWPX2MAZCAWNJM4QDYPCKIOSWKNCN4WOWKTMJLU65KGFJGGLB6Z,Scam,1
GBK4AYTOYIAYT4UJECSQGMACUWLKYOOM4VCAUUZ3Y3FG5XD2LYK3FGK2,Stably,1
GBK32TJUJTOWGEI7BHOMPPAHPXOHEOEA5TW5FYYMX6E3ACBYWUO5GIQL,Scam,1
GBJROVGPSI4PLA2TH3IRVY6IGKNBGCKQFJNOIQJWFO5N77H5CPJJVCBS,Scam,1
GBJO5OOBQ7OUAEUMRWNJJUTJW7WMBIUP7ZL5YLCNUPDCU25SKQGG5XBI,Scam,1
GBIYDVSYY24O7PJS54CLIMWT2KIB5EF6LDVRESD647KX7B3PNIKUYT5V,Scam,1
GBITI7JTLGGQ6J6F3LT4ZTBW6Q67KLZJG7KNR73QGW74YLWG3VA4CAZR,BARSF,1
GBIQ65YD2LTJOWPPRPY66KKKI2ZZ2NKLTJNQVKEAZ25FZRUOEGMQHBAR,Scam,1
GBIPDLNOFD2URY3YNPEMD3YCBOBGN4D5BZJPT4PIZAWAJBE5CUZ6RAKV,Scam,1
GBIL5TOVTZFNV3XS3E2LWTKU5SYOJ3UBCVBSKAMP4EE4MV2VSZQK7NRZ,Pigzbe,1
GBIKIDQXJC2ZHHI4DPSVPUHHSY6QPNUDT5F6EXTSGTP4NYSCZDDWYPXZ,Scam,1
GBIDGDSVQXAHGZNOETS7ADUMWCDSQJU4R53EZRK6ONP3BA42UJL5PAHR,Lobstr Wallet Root,1
GBI7IEDTM6EDNURWNLBCU27MVP45OVJE7LRD4PFS67NHTTRKDZQGFLKN,WireX Deposit,1
GBHHAMZN4CRAOSTLJEKMKLDUI23J3I5SORWLZN2FPKCI3TOIM243GVJH,Scam,1
GBHA4FGPHX7KURMP7CZU7SQ2UOAGTAQ22SCHPK5P5XCQHZXCSVXQJFYB,Nafuloo,1
GBGVRE5DH6HGNYNLWQITKRQYGR4PWQEH6MOE5ELPY3I4XJPTZ7CVT4YW,PapayaSwap,1
GBFXOHVAS43OIWNIO7XLRJAHT3BICFEIKOJLZVXNT572MISM4CMGSOCC,Ultrastellar ETH Issuer,1
GBFU247IEYHTOGXDJKXOSLNDCZGRKYXCXNI36OT5H3ZSO4RKUW5I6ZHT,SDF/Spintax,1
GBFJGO46OV6E2QS2ZUMCF256ZL4BFOZWFHULRNLPSPW47HH5HFAKJTON,TONMoney,1
GBEW2BYUP2PCKWVOQWL2Z2DDU6CBBYLPHDK3RR2LS4PI2CZUU5HL3GTC,ChangeNow,1
GBEUYU6BMXN7UBHKNKXRB6RS44UJJSUTR5YYVNZQZ27BNUSRRT5OYMDE,Scam,1
GBEUMX5LZNQOSD3SG7G4BJCHLXFPQUXBBLI4UOHU7GFXLEXPVXUIJCXL,Wirecash,1
GBEUDKANIFPTFHPWJ5T3R6RIO36RQBFGHYPAQ6STH7KMNDHAT36LHOLD,Lobstr Assets Custodian,1
GBETVVQEX35VB2VDM4MDUX6KQXX6H4IIWFJ36FC3W3K7462ZE3ODJ64B,Coinbase Withdrawals,1
GBETHKBL5TCUTQ3JPDIYOZ5RDARTMHMEKIO2QZQ7IOZ4YC5XV3C2IKYU,Firefly,1
GBEO3GIHXV5YCD6W242VCAHX4HM55N2P6NRA4QQFMTBGSYXGXPAEY4TB,Scam,1
GBEMDV5LGUZMBG7CR7JOCR62XQG6NZSGOBV24TGVWZ6NKGKQKEW5S5K3,Scam,1
GBEM4JZ4IMWLADTMQ5TUEECWK4ZI5OGC6H7DB46WVS63QON6PRWKDMXU,Scam,1
GBEKRXUZ7NDGSVE6PLB3JWGQUTRZLB7IZ5ZC4F4A2DVIUWUNFC6UQEXX,Scam,1
GBEF5DSXFAES72GRK6UNIFOQJKJUIPAE6EKBNXUYIXN6OYXYM5RLATOM,Scam,1
GBDXII2EZLDCPTZA2VKVJJHSSBHFKTEJDXCDTPSPDGKLKAKEXT4FEESM,Scam,1
GBDUXW4E5WRM5EM6UXBLE7Y5XGSXJX472BSSBPKFPQ3PJCJHRIA6SH4C,Coinbase Withdrawals,1
GBDEVU63Y6NTHJQQZIKVTC23NWLQVP3WJ2RI2OTSJTNYOIGICST6DUXR,Papaya,1
GBDAVQJ7XKNY5ZHIQH5RZEKW3HKRIFCO3HLR25MQKZLRZXBSTZQE6A6O,Scam,1
GBCMORRTFW6ANRNBGMUVGFRGLOIN4K2PJIRGXEHH3NLOJKGPRX4TEMZ3,Scam,1
GBCKFSCNGPEM23GX3P3AYIDKBQSWIETWMYI7RAKJALG5PCS6IQPYNUWP,Scam,1
GBC2CSPRI7YUXROTMAJ5AB6WID3G337O3DMZYMLPRB43XY6P473ZQNJR,Scam,1
GBBRMEXJMS3L7Y3DZZ2AHBD545GZ72OAEHHEFKGZAHHASHGWMHK5P6PL,IreneEnergy,1
GBBIIQAP7H6H5WIGUUFTAHJMH7FDHYAEYQN2F2XUUWN5BCTYOYAPPEND,Scam,1
GBBENE5QIRKTAWPKRRGOR52K5LL6NRXBZLZ3JKCEZACQEH2CNVODGHNG,Scam,1
GBBAMI2WU6WJHDL3CQKT4LPXUC76WCEMQJMJIVQGL2G5IKJ2JHEVHG3G,BitcoinX,1
GBBALM76B5OUPOZCMFCNT5PVIFV3WTUYX3VVGC7FMN4ZPQLGCG2C4X3D,Kraken,1
GBAOY3CUDXLVHVEZJOSSFNQWZZS7XBO3QL7FVRJS3CGBTIWMIMIT62YO,Coinbase Withdrawals,1
GBAMPXGFOFJ5GD32D7UNA5YCHY5NHPF5MG46XYMQFL2XFERNHTWJZUB6,Scam,1
GBA6XT7YBQOERXT656T74LYUVJ6MEIOC5EUETGAQNHQHEPUFPKCW5GYM,SDF Escrow Jan 1 2021,1
GBA46VATATG5ROFASMUDKGG2435D73AB4FKFPEK7J7G3WGU7ETJ443RR,Scam,1
GB7GRJ5DTE3AA2TCVHQS2LAD3D7NFG7YLTOEWEBVRNUUI2Q3TJ5UQIFM,BTC38,1
GB76DZDZQRUGK3KEINZM6YDZI5OPVAP6UTIZKZIFNTRMG5T7UC5IRVRE,Blockchain.com Reserve,1
GB72MPLZKAUJTZXJRUMI4GJLGABTPZQZ4K7HRBB3GXHVIMECALNBENNB,AQUA Airdrop 1,1
GB6UZI3NWBU66O3VPOEVKPIUA7LL23A42KBOXSUIM75T6RJDBMWZXT34,WireX Deposit,1
GB6S23ETCZIMEMXXUMP4EPRUVJHKHJIPTD2T4DJCG2FSA33NI2KLDFCI,Scam,1
GB6MOHEC24MVIOU2F3BOPL75FIHFKK4RGBJY77HSRPHAIA4UXYQU7G2D,AQUA Airdrop 1,1
GB6L623HHI5AOJOF6LNTTSTJZXSIUFKF3G5ORGLLN4UDMOUDDCJGMRA5,Scam,1
GB6JTIT5PHAZA4VMFI7TGGG44TE3LEDFPG52GSKBZOPDDDMNJAGSF46T,KuCoin Withdrawals,1
GB6DMQ5IZUPRRMNTPU4H5FX32DRYCZ447REBEQ32YGVPPGZI5MX4AHOT,HotToken,1
GB6D7BSIOPC7FTRLVMVRFPBQRFXWWDU3XXFU5YFSOPN4PQALNMQC7ANB,SDF Direct Development (Old),1
GB6C6WDH7RX6Z37SI7HXSYUITBPAK2BU5YOBM6ITYNHNMU7HA7HULDDB,Wirex Withdrawal,1
GB64P4HEGR2F5FWGQEIPGPC2XAL4SMTZLKDWAY4WAXRHUIPFIYL7ORXX,Scam,1
GB5ZALBDPIEHMVM7EF2HERBP4Y5BRQPZNGMHILRQALM2HPSQXTOGEH2K,Wirecash Cold Storage,1
GB5NVPPV35WC2HXYTS73UGCQGYKJ5SZRD7P267LTRJRKGD53NDKKAXQ3,Scam,1
GB5BK7HJK7SJGJXN4X6BV2QBEWGXVMEZJRGKWBFU6PK6BV4DW7WOQ27W,KTHouse,1
GB4QCISPWJSF6HMFSL4WXUP6VTIMBG7QTL77YIW6GON55DC3JM5RV7VU,Phishing,1
GB3TUMH5JJFDLYE72XDP3F33YKHEDWSRINKOMW6MC5GNF7OTETEHGXD4,Wirex Withdrawal,1
GB3OE4IBQTYQFZZS5RXQHE4IPQL7ONOFOSAIS2NFRNMJKZEAI3AAUT2A,Scam,1
GB3N6BYTYNP5U7S7ZXQ5ZQY3LPLZHTIRW2TDZWNWT7AWKFGZ7JYIDAZV,Scam,1
GB3KBOFUCVTWEZ7YIZ7PAKLQMKPCTGWU3LOMANMCT7V6I3AAK4USTEEM,SteemAnchor,1
GB3DWRWMLXN3DZBGN573LIQ2F4QZGO4FQISROLKRLGPN7M72W7RNQY7R,Wirex Withdrawal,1
GB3BDPP5HOK5U7DGVKBPKKDZ6EWUIUEKFIZAE2ZMCCBJVG6TCBINIZFA,AQUA Emergency Fund,1
GB2ZJCXX74AHTGXJX52WKX7D52ZS4OGSQRLQLEATACWSA5QLMVKVQLQM,Scam,1
GB2Y3AWXVROM2BHFQKQPTWKIOI3TZEBBD3LTKTVQTKEPXGOBE742NODL,Nodl,1
GB2X6RCO2VAXOD7GXE5VJWXOUTYDKPHIAHJSM2CGZJXKZSIHREEP4654,Heir,1
GB2WB73G5IWRXEUTJANAIF52JFTDXOXORAP4S5HZRW23TZG2ONDVZMVA,Scopuly,1
GB2M2B4G7XLMTOZWVQORF3EQBVTAQATAC7YNZJJEKKWKXW5DKMW7JFD6,Scam,1
GB2KYZYCXNSEXKLBK2ZMB4SXGBNMLUJQX7GRSMRSFR4KJZ5MVJEXW56D,Scam,1
GB2HTJMGFXW7WJSQWNNOJ3YD7IC3RC2NGFWMRI3AEFX7BOZ34DH6KQRG,Scam,1
GAZPKFKAB77OLKE7EGEQK6I4ZGBJXSYCWMG654KLOWRX3KEK7MLZPYED,ExMarkets,1
GAZPKDTEZ5UM3BF4E7FL7EMXRMLH76F2TNVXRLOF6SCVXOFWSPCEWFI5,PRNetwork,1
GAZJDCTZRSBEPBYQINGO5VYFBMAKFPKLFCA4ORTZGBZCZIKDDFM2YV6M,Scam,1
GAZGR3YNYZFF6R2VXI3EXXCXOGHTHSQZ5E5UIKPJCEBEDHNJLUWIFFIM,Scam,1
GAZEX2USUBMMWFRZFS77VDJYXUFLXI4ZGFPWX6TBNZCSTEQWNLFZMXFF,Firefly,1
GAYOCVRRNXGQWREOZBDP4UEW475NKZKLA4EIEIBKBSJN2PQQWUQ5KGUH,SDF Operations (Old),1
GAY4G3PY3TPOVOSHDD2PZ4PIKA533VBBKEEJ5ASTOMPZOHAVKEWZ3ADS,Coinbase Withdrawals,1
GAXNVXZUVEJXXII5LJHDUZSAWT24VGVFLEQP3BFBJ4355YFSIMT5256Z,AQUA Airdrop 1,1
GAXELY4AOIRVONF7V25BUPDNKZYIVT6CWURG7R2I6NQU26IQSQODBVCS,NaoBTC,1
GAX5KN5SZKIJFSJJ6X2ARE3PUBX63LBGU5FG7SYS4FDM3YALCZUAEBUH,WireX Deposit,1
GAWODAROMJ33V5YDFY3NPYTHVYQG7MJXVJ2ND3AOGIHYRWINES6ACCPD,CowrieExchange,1
GAWLR3ERQZ3POIO7TIUIQNKP4MQKKGQJ37EJBK3EGU3HGIZ4XWBK6D37,Scam,1
GAWG3NPQXQEJYQY3SXAOI62W5MTORFVOGYLOWDXEHPJAG62PPKC47DGB,Spam Issuer,1
GAW62PTNT5SRWAB5KYO6V4TWSWIIFCW3RA2LBSQIZY6SKZOVIQ52R32P,Coinbase Withdrawals,1
GAUY2OKDFHFLHPZD44RFJFTAN73SOHSTSJ3V4SJL5EUSMRVAEE4Z2PCV,Scam,1
GAUWES2POH347NNJGRI4OBM34LMOCMWSTZ3RAOZMOBH4PFVBWFMHLNTC,Astral9,1
GAUTUYY2THLF7SGITDFMXJVYH3LHDSMGEAKSBU267M2K7A3W543CKUEF,Papaya,1
GAUQHHHK6OND4YYQUG4WVAQLLANRZFVLKC35A2EDWBVINBUZ26OFRG7H,Scam,1
GAUKMQKGMYTYEUDQXBZAV4FDH7OCK6EXLR726YKWV3XQOXMNUVQKXXBK,Coinbase,1
GAUDXFKJTRRVRRVHDHDRZ7ME4VZOS7S2HJUEXZB5U3JVUC34AZYXT7GU,Scam,1
GAUCPLSPBJKOSN7WZK6SDD2BYPQMC3YSWMLX4XXY7S4JPQFLJXEINDUS,Scam,1
GATX3JY2ULTXU7BD3K6L2LM33FS2AAGNRVUMSNEDL3C3M44CFEYZBOJH,Scam,1
GATTH3VPK4PMXLE7JSEJ3OC72OYOGJYINLHSCJX365BP6SAV6GKSHJAV,BosTravel,1
GATEMHCCKCY67ZUCKTROYN24ZYT5GK4EQZ65JJLDHKHRUZI3EUEKMTCH,NaoBTC,1
GAT7OQ4XU5DMXIWZMKDCQVP6CVZNNO5YVZFCMWMYOSKTKYP43PN65HU5,Scam,1
GAT4EU52F3W5YOKEI647OAV7Q24DQKZZY2AZDADTW4DQSEN3FPSRIFON,Scam,1
GASWOFBJFBMFNFHJ2IBN3NHTSIRAXGHWIBFATDB4ODV6ZV35A3BPKJSK,Scam,1
GASRQJHTNC5B76AEFDD3DJ5SX7DGQJKTKVZBX4MC2ISY5XR2JM4ONDUS,Scam,1
GASBLVHS5FOABSDNW5SPPH3QRJYXY5JHA2AOA2QHH2FJLZBRXSG4SWXT,Wirex,1
GARFP7JOFVM2HMO2NPWYRXCJQWAMN5TQZPBDNGQCWAMXUJWMLRBG32HX,Coinbase Withdrawals,1
GARFMAHQM4JDI55SK2FGEPLOZU7BTEODS3Y5QNT3VMQQIU3WV2HTBA46,Glitzkoin,1
GAREELUB43IRHWEASCFBLKHURCGMHE5IF6XSE7EXDLACYHGRHM43RFOX,RippleFox,1
GARDNV3Q7YGT4AKSDF25LT32YSCCW4EV22Y2TV3I2PU2MMXJTEDL5T55,Ultrastellar,1
GARAZC6F6DXEFI56ACLS6P7OLCCDSXGU5X4Y2SQFRDQS5F4G7E5DUOWP,Scam,1
GAR6LML2TJ43TRHGG4CZZTASXZ4PWECJQUHNMS3OYX6SCKJ2T6F6WR5Q,WireX Deposit,1
GAQRF3UGHBT6JYQZ7YSUYCIYWAF4T2SAA5237Q5LIQYJOHHFAWDXZ7NM,MYKOBO,1
GAQJYYNUWFMW7PPKJIAMSEBZYS34FXIUBFC46XMHYBXSXFXQMUWO5SAW,Phishing,1
GAQAMKLONTYK4APCRIVLRZTFHPDDP2XIEJBO42YMTJEDIMWSDP7TITAU,Spam Issuer,1
GAQ6W5I7LIWQAE47ZY7EQWRVVF2JELYXG6OKL7HHOSL5MWVEIGRPGYCO,FactR,1
GAPV2C4BTHXPL2IVYDXJ5PUU7Q3LAXU7OAQDP7KVYHLCNM2JTAJNOQQI,SDF Direct Development (Hot 5),1
GAP5LETOV6YIE62YAM56STDANPRDO7ZFDBGSNHJQIYGGKSMOZAHOOS2S,Tempo,1
GAP555IOXC4N7CI4UZGAJRDMGQEC6ZLH5X6VVLPVFZ5ABO7XR2MZHMKO,Scam,1
GAOYIITRKBI4RKPCBMSKWFSI7YZP7BGSWMLRFIZ7RTOUZOZGRCDHCGRU,Hack,1
GAON6IGVOJKSW2TPZLVMENTZDWPVJSRXYS3RJTQ5P5QIZT7YTQGGAFXA,Scam,1
GAOBW72CGZ3VTZJAC63L5NCFURWOYUI4YX6LRVVFNLZR3I7WD46M65KS,AQUA Advisors & Partners,1
GAOBJ22MRSYEPNF2VE5DBKMLSXXZG67R2GPBCDB4XKQGEHCXKMCSMFBS,Scam,1
GAO4DADCRAHA35GD6J3KUNOB5ELZE5D6CGPSJX2WBMEQV7R2M4PGKJL5,Xirkle,1
GANZBUS4726LBT2CBJ3BGF3TP4NJT5MHZMI423NHMXFRWGO2DCBQEXYZ,Jetmint,1
GANTLD5VNAY3MZBFWCJZTNEWDXO2T2Z7CHBGAGVVWUXGHIWUDZ4AAERK,Scam,1
GANOI26P6VAUL4NFVA4FAIOIBOR46NORONBIWUPRIGAMP7T5W5MOY4O6,SDF Vesting Pool (Old),1
GANKA7JHQECA3ASRDLNV5CEKTRNIYQAHAZXDR2632UV6WUJ75GUYLBNV,Scam,1
GANJAJHYTF2M4QRL63UKKEORRD2TANOK6KW5OL6TUA24CCOHVZFTHORS,Scam,1
GANESLOXBZWPLB5ZM2KFUTBGSBGISB7JTWFXO67G4TGQINWRMI6766GV,Ultrastellar interest payments,1
GAN5X2FUP2PCQITFAZE2CB5PBTGVZKVJLUDVTRRRV7PTZYQWYD4CRP65,FreeWallet,1
GAMYOXHVNV647IVGY67I7EIGP4X4YJDIMH4343L7GIVYQQCIMNMLTPER,Scam,1
GAMMBGZHJIU2L4PSH2KX2SARQ67DY6HKHKTPU47DI5XMSTREKZL3IYVA,Scam,1
GAME5YNKHIPRSMN2BI3HLS3OYD4NE6FQ2WKUUJPYYM6GU4MRDUBPHN6B,Scam,1
GAMBTHH6OLDMGJ6ULVO6CAGPOAGNDM3G7KUHQP4O3F7PB2U3NWZJPME6,Scam,1
GAMA33LC7FK5RF4XE5HOVX456GX4VHDZUCJ7APY4TZ4IHG65ZWVXD333,StellarPay,1
GALNWAHMUB5Z7BL4UA5B4P25S3DEUF4GSPGRSCRITF47SQMM3WOUGEQE,Scam,1
GALNS4ZW6YXB6DMUAYIQRWQJPEHRHHKBFRTNGFU4RX2N46BQ4F2B2L4I,Scam,1
GAL5RTKMH2X3P7QSO7PVOK44GAUATJ4VGGFJGQLDIBKJ3XSTHR4TNRS3,Scam,1
GAKRSWINPJUAEFGCFT44YOHEDKQW5FKKSEJCPIPPDDUIVWGFGN7PKSMT,Scam,1
GAKRDXBHA2TTOYJZQIAQ7ZDS555P24RAYRUUZWU3KHSLIOZMVV4IITXT,Traxalt,1
GAKP2IU2EBPAFR3AICCGTJJ2ZUGDDISGPZ44RBI3QXW5WB2KFY3YHXL5,Scam,1
GAKMJEWCCOTTWYAKUMBXQYGNRLMDFQFM33ABOBHL2UYTLR54SFDRCFF2,Scam,1
GAKBPBDMW6CTRDCXNAPSVJZ6QAN3OBNRG6CWI27FGDQT2ZJJEMDRXPKK,Moni,1
GAK7SCM6UFBHYFL4COVKRXC6LWQWFYN7NTTSFL5KB44XH6BOYDRWQUNV,Scam,1
GAK3FZ2NC3SVA3JAADWTU63VXRKGR5BLKU3MUOCYTBPOII42N6OKVHRQ,Scam,1
GAJWJTV5GW5J2WCBPQNWLAL2EYUIIUB6OIROHOV7YVJJWZXPXQWSMHRH,PointsNetwork,1
GAJVRYHOEZDKBHGH5R5G4KXA44DJBOE6HV3HBTYVJQKLRYVS5SG575R6,Scam,1
GAJ7V3EMD3FRWAPBEJAP7EC4223XI5EACDZ46RFMY5DYOMCIMWEFR5II,Gratz,1
GAIMV36WSTXZTW22DAGKMO34N4CWTOC4CZCKEAUIEHT47DQ2VS5FHJLY,Scam,1
GAIGG2ICK2ATV7VUQC6MZHOSMRMFJK3T65IVNUZ7EJEEAU5UJQPPDIST,SteemAnchor,1
GAIDVY3JLRLBCC4GTQJM5RC6F6FKXYKVFYZNXMNARHZL5GATGI2JDRCS,Scam,1
GAHOVTP7V6M34UFAID2NBVHMD5ECRPG4I4OJ6XNRJS47PGC2TEKI6HIB,Scam,1
GAGILVZ22TSUPTLZXQDQNF2M4R6YW7HEBIVJE5G7WBWGTSPGEGHORBIT,StellarExpert/OrbitLens,1
GAGCG3EFJKZYYMSANE7I666YRA7M42J3VK7ISUU3YOZEZJDPPZN7HPX7,Scam,1
GAGBQL6TD6SAY52P27EODBP5UABJ2T7IIJXUHZWBR43NU6AP23RRMDN5,Scam,1
GAG7KOIV6AMXTVL6FPNRDK7UJ4TDS2SBQ66GNGVUXIJTQ54UB4PG6LSL,Scam,1
GAG5FKIBB3ECXIPDGUG6ZP7C7AXHAFBQIRU2Z6BQSKPVUSZB6WXRRCYT,Scam,1
GAFXX2VJE2EGLLY3EFA2BQXJADAZTNR7NC7IJ6LFYPSCLE7AI3AK3B3M,STEMchain,1
GAFWA2DAM34MK3UVD34ECEHO5QIO2ILHLFOPJC33INPGUPLBC2EVNCSM,CityStates,1
GAF7DQJW4DP54SDZRQVOZRS3ZWZMKK2JIILY6AJH7S7V7ONTBAYEBOJH,Scam,1
GAF4V5RJCSEKLNVPXZHF2ARSRYETAI7R72CLFVDU4DQBRVDQTE35ISXE,Altilly,1
GAESWA2UEUPPRYQMQ2DY5RNFHMXDTLUN2I2CU4LEAFXHFLDNU7SXLDHQ,Coinbase Withdrawals,1
GAESQGK5TTKPT2JY4STRN6MJU56LNHQVBFROGX5GFIWUPK3JHZ5F5FCI,WireX Deposit,1
GAEOCYPIX36WFIJH4JS4AYZPAJLQBI6BTA5TWCDACGHY3JFHTUOAFARM,Spam Issuer,1
GAENIE5LBJIXLMJIAJ7225IUPA6CX7EGHUXRX5FLCZFFAQSG2ZUYSWFK,SDF Swap Account,1
GAEGOS7I6TYZSVHPSN76RSPIVL3SELATXZWLFO4DIAFYJF7MPAHFE7H4,Papaya,1
GAEDLNMCQZOSLY7Y4NW3DTEWQEVVCXYYMBDNGPPGBMQH4GFYECBI7YVK,AnclaX,1
GADIW4RC3DZOMJAXW3LSLF2UPDOCXT37HKAZKIURK64HDNQF3CL2GT6N,Abdomi,0
GADFXROGGR74V3MSWU2SUKCEUPQFZEIIF3IUHLRN3NKZ4JN2IPBMCODA,Ultrastellar yXLM distributor,1
GADEXJMDOARIV4AU4GXEL3UZWGVDJOIH2BQUNQTG5C3IFV7WDN2KEH7U,Scam,1
GACQAJ3EITG7VSLJW2RGSGSY2S5PDI3WWPF5UWSTQE7NI5KETXZI3ESA,Scam,1
GACG5EOY4WBQFPNJFQMVFVFWM6R5J2TMWF3YAYSWHYWNS5TGMQ5BCWVE,Scam,1
GABWJGF6QHRJ64W3GGJI2TT45QHHHJ35X25XHPH2H5DSYO5QIHHJ4YR6,Scam,1
GABSZVZBYEO5F4V5LZKV7GR4SAJ5IKJGGOF43BIN42FNDUG7QPH6IMRQ,Cryptomover,1
GABRNO3RCFT5VS3JZ5K6A5PBVI47BKKNO6SH3XFQQHIPCW5AWIU3F4SL,Bitpanda Deposits,1
GABQLADWBLQ2422KCJ3LZMXRUV4FSYOXXU2YJVMGHDXDA6HK6TLNEMKO,Scam,1
GABQBEZCNQRUHURCG6E2UZC6QXXEPLALHBVA6J6IQNKNJL66VPY7FO7G,Auskunft,1
GABC7H3NPDJEBXEJ3E5FIOTF7437OXV5P6KY6UQMOX7V7PXA24JSBOTN,Scam,1
GAB5F24DSPNGSCFYMKULK3M54U2SFWTOYQ6GGVR7QM7FB5ICXNEMJYCK,Scam,1
GAB43PO352ZCK56Y6ST4U4GOHIUSLZIQ7CKFTZSRPS4JFMRKYGXNPWBJ,Scam,1
GAADOPNFPLBVGFMXSM6BYLB6UPZQVJQXM7UFDTYJS5HSJ5M3AUZQ3OWO,Scam,1
GA7UMCY57TIXQGARXIMJS6ZDRO7T2MMMO3PK6FXJIA6M44Y4GI2F6SOY,Scam,1
GA7P75Y35JGOU7HXDS3NMILNHTBBGKHYMUIH4J7SRFU6Z4MFHSP5ERI4,Scam,1
GA7IWMX3BY6XJAIGFTSXO6FW5WKHG7USSMILGNR345KZJ5TKTN4GU3J6,Scam,1
GA7I4AELPJNFOOHQMGUT6T5UGTPFJFCPTERFFDHU3G2XKXL2UKZJ6MTX,Scam,1
GA7FCCMTTSUIC37PODEL6EOOSPDRILP6OQI5FWCWDDVDBLJV72W6RINZ,VCBear,1
GA7AJKNIE236EPRIQYXRYMUEHT7GQ2MDH3B4G5HUNAPJXEG25ANCRQEB,Scam,1
GA77HW5DPJJX557GPFUUV6SQSHQXMSXTIMKRQTG27DGNY3TQHN2HWQ7I,Scam,1
GA765T7V2VHC5MTXN2LNLBKKW3OLISEC7IUGIECAP4WUAXZZRHRVIS2J,Scam,1
GA73TGZOFJKD4275OT6NFKVYPYR5KENIGSWMICNEDFF5SS4YND6XPKBD,Scam,1
GA6ZAQGLDUEODDUUD3UD6PUFJYABWQA26SG5RK6E6CZ6OMD6AZKK5QNF,Scam,1
GA6VXTS64XUOCQZSBAYHD24ZYJYPNB3KJ2CVKSYIE43P2DQQIX74UT2A,Scam,1
GA6KR5DMGJ6OPPG4OONB65JPU3TZE2CWCLKTBV4DHXFA2Z4XKWQSVCTC,Heir,1
GA6HCMBLTZS5VYYBCATRBRZ3BZJMAFUDKYYF6AH6MVCMGWMRDNSWJPIH,Mobius,1
GA5ZSEJYB37JRC5AVCIA5MOP4RHTM335X2KGX3IHOJAPP5RE34K4KZVN,Centre,1
GA5X5JLMZBG5IPNGW3LLSI5N3T6T3DFT772FGH6QCVSBJBJDIXOZ74LA,Altilly,1
GA5VRDJJTJC5OFPKE3QVR4O73MCSKPAJHYFJZ5RKOCDJQ6I5FE5JTML6,Scam,1
GA4BYMUO5D7OLGVJWZ2D5FCWU7SB63FNZ4QUU574SMNA6ELK5TZD3SO3,Cryptomover,1
GA4BJAUSTZPLZZTAESFEOTYMQUE2DCGS5Y5Z4KDMNH6TKMRWC3IAGCPC,Scam,1
GA44XJBIPC5DEFLFSFJTOMDZVSWKHISOH2UZQELV5NVRDY4VCT63YRLB,Scam,1
GA3QEZSYHKKZEVY7PWRTYWPKS6KOHSOI2EHXXGTJYA4TQIRNZGCEV3KR,Spam Issuer,1
GA3FUYFOPWZ25YXTCA73RK2UGONHCO27OHQRSGV3VCE67UEPEFEDCOPA,XlmPool,1
GA3CINHTGMUMRVPJPVHYJWQJ2EF7EX2PCRAFN4H4ZPO77WB6RHXEHMJT,Coinbase Withdrawals,1
GA3BLJAJQ37HFBNPSEG7URKKBISWOTEOHCTQ3QCMVEQKAW2WU6EZEURB,Scam,1
GA33A4FBHVGW3JGZLKID2JFBCMIJX4SJP57UNVGODLWXZM57MOH2J3MJ,Scam,1
GA2XP4KMY4KWNPW4KUCUKYUF2J7Y6HO5HLPUEA3VPVSMYCM3TGNEZP5S,CoinSwitchPro,1
GA2T6GR7VXXXBETTERSAFETHANSORRYXXXPROTECTEDBYLOBSTRVAULT,Lobstr Vault Signer,1
GA2MSSZKJOU6RNL3EJKH3S5TB5CDYTFQFWRYFGUJVIN5I6AOIRTLUHTO,ClickPesa,1
GA2C5CWN54LLHOTT64KUNDPQRTQF3CNICYI3JTFYCUKBFAXDRTF2KLK6,Scam,1
GA272U6UMNKYOBDCLH5CDAPZVDG4WAGJWFY2S2RV2DN6YSSOGYECEVOF,Scam,1
GAZS7DNZHSFP3S36SQGKEUX64TYXQUH3NPL5KCLAFMCXOUNCQPSFXJLQ,Phishing,1
GAKQAOQRKJTG2Z7QT36N3HJJGRNXU6JBH6GLDTFJWHJKRQT467MFJZ2A,Scam,1
GBOEEVARKVASOQSSXCAHNTGJTVALJE2QM3AQQ2K3VXACQ6JJREQRJZKB,OKEX,1
GCPEXGL2NAMN47XAUSWN6KGVDRUCNHICZSJCL2UUHBUOBPOXWJUPABDC,Spam Issuer,1
GBS2RTBGEWBT7DJOH7CTA4PDVLIPONCPCIILJPPESWSHDIV4NFZJHRP3,Bitkub,1
GAI3GJ2Q3B35AOZJ36C4ANE3HSS4NK7WI6DNO4ZSHRAX6NG7BMX6VJER,StellarChain.io Explorer,1
GD2OQHJHVVBSAOVTLTPHC4FK63IEFXHZITOCDVAXMNU7ZWVMYJYOMGWY,Scam,1
GC7YNBWTTLCMAODL2KRBGVN6PIHH25GVUYTSIOSC744TZOG53VFNQ247,Bithumb Global,1
GBJNV2MQA7M5GNBRDFW46JLXIN7ZLYVVM4UW4CWDZO4KZKXIXCRYHMH2,KuCoin Deposits,1
GDFIEESM4XJFPBCKS6GTQU4JRBWRDQ4IQAGFBSKJY4YSULECVL2KELPN,Scam,1
GDRSWSKJCIB6Z65UA7W5RG62A7M5K3A5IHMED6DYHLPLWLVQCOOGDQ7S,Gate.io,1
GABOIEB6BNGZ3DKJCBS3H3VGLYZRWD2NCM77OCONSULE3RJ4MKGWF25H,Phishing,1
GBOFQCVZF2DSFLJPJMKH7CIECCN7TYVAT2CSD73IVEBJJQU2VW6JNFHT,WireX Deposit,1
GASWJWFRYE55KC7MGANZMMRBK5NPXT3HMPDQ6SEXZN6ZPWYXVVYBFRTE,AnchorUSD,1
GBIDASRVG3OLGNFEAUHQAZUJJI7SOCG5CJK676CUTWXHF3W2OIR6GSGJ,Lobstr,1
GAPRC4SRTZSIUA34CWP7KB7FIMURX3ZT2CPNBGET5TJ4XZBONKHS6TPF,NiceHash,1
GBTCBCWLE6YVTR5Y5RRZC36Z37OH22G773HECWEIZTZJSN4WTG3CSOES,NaoBTC,1
GDODU4ADATBOFTOK2BMAZI6UCW5EFU3IZTHLRNHYO7KX52XELROM3G4F,CryptoCapital,1
GAJ4BSGJE6UQHZAZ5U5IUOABPDCYPKPS3RFS2NVNGFGFXGVQDLBQJW2P,KuCoin,1
GCMUIH5THNEHBN6D26HVBCDWGYSX3D42D2CCTERNJLMRFFR2YI7H3IXJ,ChangeHero,1
GBE27W2DJZS4AFFR2HVZBK4KHD4TQQ4ITB2AQTYA5L57K6ZTRWPJUDH6,GoodX,1
GDNWRVMSCMHAHE7FPQTESDDBUMQY3TMACGS24BTVCM5ZKXU3KJR3NMDB,Blockchain.com,1
GCZFPS3WA6CPBM6EWCYSFZK7T22AE2VB2LZC7J4JTMF6E6MKCGM6JSJM,Coinbase Withdrawals,1
GAFK7XFZHMLSNV7OJTBO7BAIZA66X6QIBV5RMZZYXK4Q7ZSO52J5C3WQ,Centre,1
GAW4E6NGM4NPNX2LO2BKDPCCTUX3FJLKWHPU4VQPGBIBQGD6JTVF5C7C,Upbit,1
GCN57S4FDT6VSWM6EOWZKPDEDZRIA7PP7N4WSFRU6RZAD4LK52QYLQDJ,Ultrastellar yXLM custodian,1
GBR3RS2Z277FER476OFHFXQJRKYSQX4Z7XNWO65AN3QPRUANUASANG3L,PapayaBot,1
GBQQE6EYNAD6ZXSXKDOABWG3GNCKLNY7DBREHGM3TLVBGSGUBF475M4Y,Liquid Withdrawals,1
GACIQZ6GM22K2TH7BABPTLSTA7E2DG42OP676HBYJDWVGSOF6NZE4MQY,DigiFinex,1
GDTSOI56XNVAKJNJBLJGRNZIVOCIZJRBIDKTWSCYEYNFAZEMBLN75RMN,WhiteBIT,1
GBXIR6NGU5ZTE6V4WQO3GRNGVDR65Y5BMRUT3KVLJINGQ4TUFV3E3SPA,Blockchain.com Interest,1
GBCAZ6C5UP5G5DVIMYJCFL3OCSM5KJPN6GQJCB45EBWCNPMQX2CZL5YC,WireX Deposit,1
GD5RXYA52BTYYTBZKXBYQMNDWQXQMVBKCGB2EDPYOPSUIK4ICKLFQAS4,Scam,1
GBF6SZEZ4AJY7BCBUV3ZYJ3Q27YMO4NJU6IZQP7ODY47MPVFWCO24SNW,Blockchain.com,1
GARAR5QR7WRL24MQMSO4INWV7C5SE4EE2YVXTLD6ORONYFHSUAGZYSLN,Blockchain.com,1
GAHK7EEG2WWHVKDNT4CEQFZGKF2LGDSW2IVM4S5DP42RBW3K6BTODB4A,Binance,1
GAJMSPEVWNZ52NHZWH6TV4FBN7BZRFMDBQ6LEXU3EW2KJKFACNJCQQOK,Bitpanda Withdrawals,1
GDSKFYNMZWTB3V5AN26CEAQ27643Q3KB4X6MY4UTO2LIIDFND4SPQZYU,Liquid,1
GAFXNMKY74VQ2OY3VXWFCV7YLNKVEWRWWTPBVRPN6AMZQCTGK3754TZV,WazirX,1
GDCFG6RLFDYP2GGJ3DYWIFYC4I4ODX4LDW3VMAI3BOEDL5AV2KFZHFZK,FinexBox,1
GA436WLQHUJ3OSKXBCVA5XT3DMID3OQUVU3GHFIDNI4VZRPYS3VERCSJ,Scam,1
GDXK7IBK4S63WLVVCW66GFJSWS7YXIJTFTN4ZI2WQ4DLKSKB55GSCYKJ,Coinhako,1
GCQ53YTWBW2LQZ776D4WGZFOJ72AKIZYMMIXCDVLMC5ZAJ45S54QWGHQ,AnchorUSD,1
GC4KAS6W2YCGJGLP633A6F6AKTCV4WSLMTMIQRSEQE5QRRVKSX7THV6S,IndoDax,1
GC4XXGFHK4U56VJLF2TSLGUEER2BKH6PWE5BURYMAFYULVJB3WKOXFFM,EXMO Cold Storage,1
GB3RMPTL47E4ULVANHBNCXSXM2ZA5JFY5ISDRERPCXNJUDEO73QFZUNK,CEX.IO,1
GCLDH6L6FBLTD3H3B23D6TIFVVTFBLZMNBC3ZOI6FGI5GPQROL4FOXIN,RippleFox,1
GDG3V35KLBW5I3LMG7QGY46MT6TL2FBZ4EV2ZEOGKMTBWEVRRZ3OPE6F,Ultrastellar yTokens redemption,1
GCOSPF7NIQKRBE775J6JH7A4O5X7JWK3HPUEF2OBEKKTWI6OZ3OLG3HU,Wirex Withdrawal,1
GCFFCV3WBRVRFJM7EEIZRK2IQHLIMBIAADYUZ62J264FGETCUJKCL3RK,Mercado Bitcoin,1
GDFCYDQOVJ2OEWPLEGIRQVAM3VTOQ6JDNLJTDZP5S5OGTEHM5CIWMYBH,AQUA Airdrop 2,1
GDAZHX3DBBF25VUJ77FKK3ULKJXEUGRVQPCAKSNFOUMFDMVD4JYDIFBB,Upbit Withdrawals,1
GALIZARG6U5CZKHJHVGL2WJBL4AU7MOIY3GCBQ44Z45IRPU4RSEGOV67,Coinbase Withdrawals,1
GB5FUSCVVV7ZLKJVL7FRCSBQHZXYLMSWWXXYC7NH35GV57S5XWKEVA4V,Coinbase Withdrawals,1
GBW5AENWI5PFJRYEIAIRYDB62MVEHDYHEBXKFN3TI64RSL2L6GYOYFG4,Coinbase Withdrawals,1
GAV6J5L473K4H6226IFNCAL7E5A2PR63YRCZDYJPTQH3S35YODXUUADV,Coinbase Withdrawals,1
GCZLCMUM4Q4H324CTT3753P6656CYR4KPLHYFPGYPGE6JVHONGLNRDI5,Upbit Deposits,1
GA4IRJ52YGZQJDS7XJ375UGSI4FE4KQXHFYUUYNR5QXDVQNAXQTLRJAB,Coinbase,1
GBZLHGDYMSVF4X6DYAGKLIQX3F64W3MXNDVGHKQPR226TCJ5QJ2ZQKVA,Paribu,1
GDCDYZ42EOC4UBLKLOA6ZR5OSXL5WHLWAJLXJ7O646FQ5EMUG6IIAECE,Okcoin,1
GCZM5WQCHW7Z4DDDG4LIEOSITECW7PCYAOT267GQOZ25LGVM7OYCZYWO,Nexo,1
GBG7H54CDJVO2S2ZEVIKLDDB3BFDGMQLPSGPAYD5YELR7QD7FP3JIDQI,Coinbase Withdrawals,1
GCXDR4QZ4OTVX6433DPTXELCSEWQ4E5BIPVRRJMUR6M3NT4JCVIDALZO,GOPAX,1
GD3WCAP6TJNWTSYIZR2A34FDHU55QY3JFSZGJMWHBZLCZCM5EL3EFROZ,Nexo,1
GBRSO2HPPEHCZASU3W3ZDMS7ISWPWJZB7IJ4JPFLZMKN7VOTWUCT3SL6,Coinbase Withdrawals,1
GDDLBDK6MPELQT5O6QC7BT56SM3WQKY7PEJ7FI4LQECDEZFTUB2JSKVC,Zebpay,1
GA6SXIZIKLJHCZI2KEOBEUUOFMM4JUPPM2UTWX6STAWT25JWIEUFIMFF,WazirX,1
GDHF3HIKWM5KJAVLZBSZWUFDOEOT7IBMY22UXG4QBE326O354INLPAND,Binance Withdrawals,1
GB6YPGW5JFMMP2QB2USQ33EUWTXVL4ZT5ITUNCY3YKVWOJPP57CANOF3,Bittrex,1
GAWPTHY6233GRWZZ7JXDMVXDUDCVQVVQ2SXCSTG3R3CNP5LQPDAHNBKL,Bitfinex,1
GANII5Y2LABEBK74NWNKS4NREX2T52YTBGQDRDKVBFRIIF5VE4ORYOVY,SDF Currency Support (Hot),1
GDWXQOTIIDO2EUK4DIGIBLEHLME2IAJRNU6JDFS5B2ZTND65P7J36WQZ,SDF In-App Distribution (Hot 2),1
GCETHWILKC242GHWHCYAI4VAU4D4JZ637XHCAEABW6EVWWDILXNRMPJF,Binance Withdrawals,1
GC3ITNZSVVPOWZ5BU7S64XKNI5VPTRSBEXXLS67V4K6LEUETWBMTE7IH,SDF Developer Support (Hot 2),1
GB67TJFJO3GUA432EJ4JTODHFYSBTM44P4XQCDOFTXJNNPV2UKUJYVBF,CryptoCom,1
GBI5PADO5TEDY3R6WFAO2HEKBTTZS4LGR77XM4AHGN52H45ENBWGDFOH,SDF Marketing (Hot),1
GCF7F72LNF3ODSJIIWPJWEVWX33VT2SVZSUQ5NMDKDLK3N2NFCUAUHPT,Poloniex,1
GBC6NRTTQLRCABQHIR5J4R4YDJWFWRAO4ZRQIM2SVI5GSIZ2HZ42RINW,GateIO,1
GCIWLLSJ77KV7CWWZVXL3LW5YRTQJIWSWXCFQ6AKH72A5MLWE733WMDJ,Coinbase,1
GCNTEQIUTCVJ2F5H4UNUIXVLH2ERVNFZVDXENCSTMXSZLC3JX6LBE2Z7,Coinbase,1
GBCEYVPTL6BFCEIAVTSWVLEKCLVKEPSBXXM6BMHCN5A6VFANO4KWCVZI,Coinbase,1
GB554CPXC2T37J2ABBF4GNZBAAOZFM5FOC6BHYHRKTQ5YBQ3K2YBM3AC,Coinbase,1
GCVNHGRBEHF2RXZWTXVL4EQSJN6GYWIGODVCQXYKORBGFKI3JJMQ6IUM,Coinbase,1
GDRRTV6AQF7IFWTN3NBBAR2MTF52Y7V7REC4FYHLGBW6EXNH4LTHU5AT,Coinbase,1
GAX3BRBNB5WTJ2GNEFFH7A4CZKT2FORYABDDBZR5FIIT3P7FLS2EFOZZ,SDF User Acquisition - In-App Distribution (Hot),1
GAU5RIRH2V4OQZMUWZ64WCZD4KHJ5RJ2NGTYGDVPUVKRRVXDSZU3IFTL,Coinbase,1
GCRJROYL4MFGCGFC3VB7NNQ7QQMOAXUWHCV7IJYTDZHQWII5GN7D4J6F,Coinbase,1
GAKGC35HMNB7A3Q2V5SQU6VJC2JFTZB6I7ZW77SJSMRCOX2ZFBGJOCHH,SDF Direct Development (Hot 4),1
GDYAIQEA6VFM6LCCLJBGKIMVXL2YNLGGJJD4DN5DZ3VV6UOVX4X5LK4V,Coinbase,1
GDLNUWHCGELKW6OA7KBLNRBHUR7QN76X3W3LNQ3QCTZ7PBGQCB34EYGD,Coinbase,1
GCTQR4WHN4VDLBZIN7NWAOEGLQZVU4EASCXZLKN7VKBYDXQY4IAP3XW5,Coinbase,1
GDGCDU5OLMJ3PT2HSDACJRHMLUWPTLUERWHX7TOR7DTO3IMI5GBZSMYL,Coinbase,1
GCPBVJ66Y3TVCXSV6QVUUFX2MUYVJQ4O7AD3XKN3ZMLFZEJ6PRT2PFWC,Coinbase,1
GDUST544JNATIO2VI3L7LXHVJFZXNYRWIKNMGRV2RZFZOOBE635SEI4C,Bitrue,1
GBGII2C7M4TOEC2MVAZYG3TRFM3ATCCEWANSN4Q3AHEX3NRKXJCVZDEV,OKEX,1
GA5XIGA5C7QTPTWXQHY6MCJRMTRZDOSHR6EFIBNDQTCQHG262N4GGKTM,Kraken,1
GATL3ETTZ3XDGFXX2ELPIKCZL7S5D2HY3VK4T7LRPD6DW5JOLAEZSZBA,SDF Direct Development (Hot 2),1
GC5LF63GRVIT5ZXXCXLPI3RX2YXKJQFZVBSAO6AUELN3YIMSWPD6Z6FH,Binance Withdrawals,1
GDZHCJ73D23MJ76OAR2NQQICB3D3ENUPFT6KVYON3KXY73U6SWN25SU5,Bittrex ColdStorage,1
GBEZOC5U4TVH7ZY5N3FLYHTCZSI6VFGTULG7PBITLF5ZEBPJXFT46YZM,Network Upgrade Reserve,0
GA6D2S6XDBT7WZIZNDGUBLXUGDAGLZGZ2SYT2JLXD4BB2W76XS66FZ2S,SDF Early Employee Grants,1
GACVB2E6IEV2UT6IDVOO5B5CNN7WPKJFR36B7KD7ZNXDANPTSYNMZYQM,Binance ColdStorage,1
GCVJDBALC2RQFLD2HYGQGWNFZBCOD2CPOTN3LE7FWRZ44H2WRAVZLFCU,SDF Ecosystem Support - Developer Support,1
GAMGGUQKKJ637ILVDOSCT5X7HYSZDUPGXSUW67B2UKMG2HEN5TPWN3LQ,SDF Ecosystem Support - Currency Support,1
GCWEER57MBVRXA4I426VL3PSWWM72SSZ3AZ5TGBDSWJMTDFVCABWNZIF,Upbit ColdWallet,1
GCPWKVQNLDPD4RNP5CAXME4BEDTKSSYRR4MMEL4KG65NEGCOGNJW7QI2,SDF Use-Case Investment - New Products,1
GBEVKAYIPWC5AQT6D4N7FC3XGKRRBMPCAMTO3QZWMHHACLHTMAHAM2TP,SDF User Acquisition - Marketing Support,1
GA2VRL65L3ZFEDDJ357RGI3MAOKPJZ2Z3IJTPSC24I4KDTNFSVEQURRA,SDF Escrow Jan 1 2023,1
GBFZPAHO24P7ZVZCMI5SXZR53UYD325OWSSWWHHVLBNN56LU5YZJJFNP,Lightyear Option Agreement,1
GB6NVEN5HSUBKMYCE5ZOWSK5K23TBWRUQLZY3KNMXUZ3AQ2ESC4MY4AQ,SDF Direct Development,1
GDKIJJIKXLOM2NRMPNQZUUYK24ZPVFC6426GZAEP3KUK6KEJLACCWNMX,SDF User Acquisition - In-App Distribution,1
GDUY7J7A33TQWOSOQGDO776GGLM3UQERL4J3SPT56F6YS4ID7MLDERI4,SDF Use-Case Investment - Enterprise Fund,1
GALAXYVOIDAOPZTDLHILAJQKCVVFMD4IKLXLSZV5YHO7VY74IWZILUTO,Burn Account,0
