GALAXYVOIDAOPZTDLHILAJQKCVVFMD4IKLXLSZV5YHO7VY74IWZILUTO,Burn Account,55442114531.102,
GDUY7J7A33TQWOSOQGDO776GGLM3UQERL4J3SPT56F6YS4ID7MLDERI4,SDF Use-Case Investment - Enterprise Fund,7644366457.0531,"135"
GDKIJJIKXLOM2NRMPNQZUUYK24ZPVFC6426GZAEP3KUK6KEJLACCWNMX,SDF User Acquisition - In-App Distribution,3906599179.2893,"196"
GB6NVEN5HSUBKMYCE5ZOWSK5K23TBWRUQLZY3KNMXUZ3AQ2ESC4MY4AQ,SDF Direct Development,3898001556.4074,"339"
GBFZPAHO24P7ZVZCMI5SXZR53UYD325OWSSWWHHVLBNN56LU5YZJJFNP,Lightyear Option Agreement,3345950709.7045,"151"
GA2VRL65L3ZFEDDJ357RGI3MAOKPJZ2Z3IJTPSC24I4KDTNFSVEQURRA,SDF Escrow Jan 1 2023,3000000003.1261,"97"
GBEVKAYIPWC5AQT6D4N7FC3XGKRRBMPCAMTO3QZWMHHACLHTMAHAM2TP,SDF User Acquisition - Marketing Support,1971828689.5118,"119"
GCPWKVQNLDPD4RNP5CAXME4BEDTKSSYRR4MMEL4KG65NEGCOGNJW7QI2,SDF Use-Case Investment - New Products,1950048658.8911,"114"
GCWEER57MBVRXA4I426VL3PSWWM72SSZ3AZ5TGBDSWJMTDFVCABWNZIF,Upbit ColdWallet,1261837487.8931,"11585"
GAMGGUQKKJ637ILVDOSCT5X7HYSZDUPGXSUW67B2UKMG2HEN5TPWN3LQ,SDF Ecosystem Support - Currency Support,926575493.5216,"145"
GCVJDBALC2RQFLD2HYGQGWNFZBCOD2CPOTN3LE7FWRZ44H2WRAVZLFCU,SDF Ecosystem Support - Developer Support,861158645.62171,"128"
GACVB2E6IEV2UT6IDVOO5B5CNN7WPKJFR36B7KD7ZNXDANPTSYNMZYQM,Binance ColdStorage,743030716.19906,"6734"
GDMHXBBA5Q2QS2G4TVY3CJLINJ3VAX4EQS2OPPALYLY3PGAYDTVTZ35J,,500000056.62329,"56"
GDJDCYPOWF75J4TCPM7UABMWKEAZKZO2FI64TWBRSWPB5SVLRGNRRZVE,,478333343.35176,"61"
GBVXM7TJMUSASML3ONIGSEVH4MQSUNL2HLWQANSRGRUBRVZSII3F47P6,,370956908.46272,"71"
GBAIA5U6E3FSRUW55AXACIVGX2QR5JYAS74OWLED3S22EGXVYEHPLGPA,,369113940.02099,"140"
GA6D2S6XDBT7WZIZNDGUBLXUGDAGLZGZ2SYT2JLXD4BB2W76XS66FZ2S,SDF Early Employee Grants,325000002.02336,"165"
GBVZHY66775QKEQJLYUW6ODIJ7DM7ML7AJRDVJSJCQ7BRAD7P7L6U2MP,,311210561.62208,"74"
GATMJROJHL4BRO6MHH3FX5BPB2PNRFKFKTEPIRECYZ6HLGJWZT55CJKT,,268742954.14598,"105"
GBDWYCRR5A5CKN32GQL3ZERSSRZ7VW3SVGU4TUA5UECMYEOV6WWQ4DTT,,261649691.1417,"30"
GBEZOC5U4TVH7ZY5N3FLYHTCZSI6VFGTULG7PBITLF5ZEBPJXFT46YZM,Network Upgrade Reserve,259580194.35351,"245"
GDQAEJOEWOAPJA4B2VORRQ6MC6BD3445O6OM3VM4JPGTXU7UADH6DR6V,,236229508.66788,"196"
GDWM7I4YGVIQR45QOPSUQXSHANJSTRU5CUH3ENW5RQI3DXDCLELEPHPZ,,230000000.13255,"64"
GA6S5L2MFDIZUC4VPDNOB66RBRGWIX7TQKQOISQFKVBPHJQD24HAEPJR,,200000000.93258,"59"
GDBMOQUSUZCVJ2NW2WNCRQXQ4CVTX2WLBULYUX7GYGYHEWAHTYLQVHPM,,196323855.15352,"152"
GBFP2QMU46T4TWUMTF6GX7EZQEY3F3IM2O6E6IRIRNDFXQZO26S5HNIG,,193402858.57318,"47022"
GBGYIYRMF6CKO67DQUL2W4ST3BM56MIM6I2MSGQCOIDQ7DE26IXRXZCM,,175000007.13265,"95"
GBIKVN3HZN2XEXNNGQY4TRNWHWFOT4READKTU47PUAIXWVVUIP7ASPLP,,160000000.13237,"61"
GCJXRDOVVGF7UVI66LBHGENQBMRYINP4OJPXRWWG54ICUQXHISY4CX4N,,159968574.94534,"79"
GDZHCJ73D23MJ76OAR2NQQICB3D3ENUPFT6KVYON3KXY73U6SWN25SU5,Bittrex ColdStorage,158000001.60899,"103"
GAA5QWIUZTJN65UFU6LNVILYZWOPNOHPWJ5VVOCYTVK4N45ENBBDUPJZ,,156708208.22531,"26"
GCD57YEZMVUQW6LJTPEXV34ZVGQ5KQ4XTASWP42XU4QNEEJLBEVY5NYO,,155302472.51973,"67322"
GCV5I7W4C55XIB24HJ3LXMVUFO4GGELTCK774GXIMO4E4YWBMYBIWGUT,,150000000.63208,"120"
GDJ47ARJR53FCNBR3AO3MFOQYJ3FOADKN5BKLQU7KJCIKMZ3ABZ73UHZ,,150000000.12186,"133"
GCJAAUZYCS5LL6UHATJE6X6SGRSGLDYAS7MZ22S4HNY6PLUYHLQVDSVY,,150000000.02115,"134"
GCGAPWAOEICFD4IFNEU73UYEBSB4JTGOK6DXULDPUX6WO6TEDVG6Z5OO,,149730247.38109,"58"
GDHSJ6UYX6EEPTTKD3ZNVE6H3LCJTZ42N3HKYS3BWWKQFGRC5FBKDCU4,,148871748.11796,"102"
GBSQ7XSQQ2SQNUG7E6I2ZMYKYOGVO5FT6Z2IUAU2ELIIYKXRFIAC5BBI,,148001575.92835,"122"
GBT4NZHJNT2NHOADRTYDOVB6I3HCWJYKK2M6GUDCNB3URGUIHPA6ONYR,,148000000.13163,"81"
GATB5F7BAC6TC5IDGBVWTP6KV3OD4RXLQCJSI2BTRJAYWU6MZABAZNLJ,,145227667.19559,"110"
GARWAYVCM7F3UAVM27NNTF5WNZJHXIADGZ72IBREPRFJZEPK5WAQ5TTV,,143361226.54829,"1237"
GD72B372BSW3HJHASJV3LBUCWGY2VFVKBJYMOCXPBGHHEE532YYROBIW,,140000000.13199,"82"
GDUUM6ZALRLR2AGJNDAD5BRDWKI7U7A6MM75JX6H4IMBA6QU3NG7BT4I,,137767778.53396,"197"
GC5LF63GRVIT5ZXXCXLPI3RX2YXKJQFZVBSAO6AUELN3YIMSWPD6Z6FH,Binance Withdrawals,137561532.73848,"320908"
GCI62UOJFYCUFFGJOO7D2U5ZNGLFJIOMN35G2KGSOQUTVY6MDH3H5XJJ,,133716031.7573,"80"
GANFDVCEDZWKKU7HCAWSBFWREQX4FZGIIBZBEJPLKFCJEKSRC2MIXZWK,,133716031.7573,"102"
GASB26LASMLTOMSXSWRAWR7ISR4HQZLUGVMARZEGN5EOO6OOMSLEY6LI,,131622280.38666,"148"
GBGANRZCD4BQH6AKCMD3T6ZFCFXRP7EWKPHIIEIVNVHUMDMTYQXVQNIF,,126792513.93378,"69"
GCGXQEUNC6NFQYXH7AYK7LJKKDZHHEV2XM72NFNQ6ZI4CGNQJIKFHWWM,,125062766.293,"74"
GDLEANMF27F653NBF23MEVEXWHM3G3LTFGUNIIWUL4L3VQBMIB3BYVYI,,123843773.61101,"28"
GB4PKQ63YKB66UDPVQSBCFLCSU5EKEY5A6BO2AU2S4DHLNLYUFMQZIEE,,122000000.13115,"54"
GDMU7ZIWNEPXBARXE4OSM7DAWAXFBGBCEDM35ZFSAJY45PJ67TLKFI42,,114261279.88817,"111"
GBSTTWX2DAYTVZI2FSBM3Y2SALWJYUDE2LXPLZQOU4SXDULGOVXTXQPC,,114017040.40155,"107"
GDOVCE4YMHQVKLQKHS6IBMPQL4WMIDU7SCKFWKWS7C7I3JM46VEX7VEA,,110628183.17264,"39"
GCYGKARCUQKBMWKMQSVDBJZZKVEAD66THWQT5INKZZB7DTKC5NPQ4BB6,,101958648.55667,"60"
GC42O2PVNPZXCF36CIDXTIMGW7EXJLARFCEU5EGD7VYSOWEACDJEXA7G,,100030882.02111,"54"
GATL3ETTZ3XDGFXX2ELPIKCZL7S5D2HY3VK4T7LRPD6DW5JOLAEZSZBA,SDF Direct Development (Hot 2),100000010.36698,"811"
GA6SWQM2AYEFHFAEL2JHOAWBSG5HUGVCSIWXH7J64ARFGISJAHIGAL5X,,99990319.021101,"54"
GDX4KKCOQY3ODKOKADCBDZSLAYUZ6YA2IM5YBVSBNDO7R52IROVSJ7WQ,,99253736.706378,"100"
GA5XIGA5C7QTPTWXQHY6MCJRMTRZDOSHR6EFIBNDQTCQHG262N4GGKTM,Kraken,95748855.2511,"736727"
GBUTL4YVVXNLSQBOAKB2GO62V6IPGHW3KCQOLXZGSIWC4CJW6AP4AMUI,,94786754.004443,"1504"
GCLNGZ3YI5UM3ANHIXZU2M5EJR76NQDFZ7AXZZZYPR4X5EJDCNSO4M57,,94100006.131454,"76"
GC3A252SDSNMVLCZBAINGD5V7WHFRYJ3JYVENTOZKHT2NLHEBTVW25JL,,87155060.850902,"146"
GATGIWCCL6E7CQRARZNERM3VTSMLL5MSJSRB7BQXRNQC332MRBQCJSOO,,85193599.48874,"125"
GAQL7CVLSJK7HAGQTUWZHA3JMQWFIJQZ6PRXHOB3SVIQIKCYKDNPQVBJ,,85147492.510494,"133"
GCAHSSDIVBOSJG7L7JV2UJBHIJCHLUXA2KXUXVQVS6QP3UCCMLLQ64SP,,75146799.021521,"35"
GB33O7V4PSLEV5Y725V3CBCM4WPW6YYJIDA27YUYRKA76LK2ZBNMJREW,,72194933.925497,"115"
GCDDFATQIAM5HJK7ZSKMGNZPNY3KU4QSNGZ7C5OT2KVE2PJNR3XVTJ3C,,68558056.589155,"74"
GBAVRIE5XNFDXURCV73G6ACKNITXYMJ3AVVO43PJCZV5TT4R7M5M3T7Z,,66928967.02092,"35"
GAN2LRLFQX2LO6AP4T26W7HKC5B3SRTXBZAP3CLV5PKK3B3L6J72IIPR,,65785001.000845,"120"
GBUTE7VHZ4HARBUNBGWWDCDYYSOH7D34JH7MCMT3EAIWBVOHP3FT2SX3,,65601584.020932,"32"
GDENEX67MJZSQRLBUCUIBJWJYHVTCDVTCJK7ZHUIYD2BX2OOCZAMQFCS,,65108575.64875,"102"
GDEOBLC65WTSG36S66CIVHY53NUV4YHPLIXGM5GSHDFJP5THFMNVKJNL,,64828787.164999,"754"
GCADKCPWLZFGUIUF45GYRO4AGGRYUAJFXL3BFWXBBGXBAGLL3JJ3Q2PT,,59900006.13111,"73"
GCCZDDRLIDDS5R5EB7BFCASTQYSLYGTFZ6YXNIW6ZIKBC2HQB3KRVD75,,57419695.012329,"3735"
GAWTWG5FZBWAZ6UZB2N7CNHB3ZWSPTVGU6SOQPN5N2TZQ5LDSJIPFEBK,,54122914.02113,"69"
GAGVORNVY7DHBD6YOIR7YYWSGVSWKPJW333DOR4E2UIRGXZDYSPMTFF4,,52530797.051619,"97"
GBGII2C7M4TOEC2MVAZYG3TRFM3ATCCEWANSN4Q3AHEX3NRKXJCVZDEV,OKEX,52420659.607146,"371269"
GAJGWNIJ2XNY5QIS6L4KR4LQ66OPH4QA4OFJ2JWLYLA2IJ7EKUKVFEDR,,50420125.929488,"32030"
GDT6Y7CJ6IFGH7GX5EPSQY3FCPDEXOSXIW4GFKJCXL7I76M3I73VCKVX,,50000003.46597,"388"
GA32BM5X35IWVEPBGFUXPEXCVDTDLULY5K4NZLX2P2RJQ7YQ7WK44DXX,,50000000.0211,"117"
GDVXXYSP5OJOAE6E7QZHOT76SYCRA62CIQAQI6GRRSBRZXVHLVYB5LIK,,50000000.0211,"109"
GD576L7LHZFEDBWHJRW66RBQ6QF2DIJONOUVZNEC3AXONMSNKHZFXEOE,,50000000.0211,"85"
GCVB277KRAE6HB3ZILPCG6SPB6G3S2PXQBH7YNN2ARAMEKFCJ6EDCLQ3,,50000000.0211,"84"
GD7V2S2722ARH26K4FB2VPIH6HZ35QOLXDMRPHCKTW5E6QVMHIFLMEAT,,50000000.0211,"83"
GCKEGQWMFBVZJFNA2OKAVXWVC5DFHTYTXMHB2XNRILNWO7542GLAJ5I7,,50000000.0211,"86"
GACT4PO4B7WBPCPW6SLDVLYCUCHWX4RNVW24T6C67OFXHYGXTHXB3Y7Z,,50000000.0211,"88"
GC2NZK72UG5ZIGWPILQCHADEJ36GQK62X2GQVK4D6Q63JGGHPK3S4DQO,,50000000.0211,"97"
GDL5SSEPRVW7NGMDH5XAAFG6OEEP6KLMBNJZWN5M5C6AWAYZ72MBKWLF,,50000000.0211,"96"
GA7W4FHP6PI7K3Z74DOKOW5OEMHETI7K2NPAH43QULRWXOY4JQVN35J2,,50000000.0211,"83"
GCQHO23D3XYIOY6BWXB7DF7C4PLT2OUMKHYJZJKUP4J7JTVXW5S277MY,,50000000.0211,"103"
GA2WQABD6WAZQWE7T575QPZNDMO2CVKZZA4KNRN4A6UPGIARUTQA4JQF,,50000000.0211,"91"
GDHENNXVLGGTUNDLEQJHKK2NB3I3HPTJ4P6XBK2M3GT5GKKEVMB6XMVR,,50000000.0211,"82"
GDJBJLE4W4K6USZ7YJMRP4FGVKDKKGZVJHL6HWLVK7LUT6L3UH7LEXET,,50000000.0211,"93"
GDHHMWFCEVRN3GRFIGAUZEXFF4SFH6XWYRBQQYIPH2ME3MO56UK4JLJN,,50000000.0211,"92"
GB5R2UN2QLVFDDN64WSBQE2J6WTDX6CFL6G2EFEQZ4AFQ4ZRQJFJBTBV,,49948502.554677,"90"
GD7LTKGYO2MRMCEZCQSBBEKLX3HXGAFWJSVLZBP2DHPPLNE242QGCJ5J,,49890257.671271,"90"
GADNLALCUZITYGD3OFSA5K7QVJKWQJPJ2QB2BGPC74TNCWG6EJBI735I,,49867872.521325,"84"
GAHXXQOBPLTY2FGITC2P3KUTEH44WOQEFM4JVB4OKEIT3FDL7NOXVFLA,,49791466.544589,"92"
GAL5ND3GKWFCKUKPD4ESP5PK6MY5QGDGPM4AS5476QCNQUTMDDPIXPFF,,49741071.701346,"95"
GAGX6V7OFM62FO2QL2KZX54MXTRWTMYGZVQOZ35MUVRJRUEYWACSNC76,,49140564.159188,"95"
GBB7QWBVHQ4RYVDL4D4D4BI5XOS4KF2ZCD6BPPWBMY5HLMCLLCQIQVGN,,49118627.2144,"362"
GC4XQHLHLYFVOSTYH4PEJ57KDC2WALKJO52VOEWFMIWSVSXWC3ZX5HGN,,48957474.909326,"118"
GBMGMVYIGW6OZO3GTHGVEGOWLEYADJMBNP3OYSAB4O42QNZRZP7G3HSC,,48871322.318538,"101"
GB3S6J5E2V3VKAFKJ6YMRPJQQJHLHF2RCOIT5RXRG3IR227ISQW32V3P,,48708232.248678,"2"
GCV6O52BJNHT77LROEZPYFYO7OFTNJGJGVVBD3W7X4HGQUR4JQ52GKOQ,,48458231.248578,"2"
GBLZJOWNGLFNLKCUTTD24ZNIQIDEBY6JJC35JZNN472E76R6IFPJIM4N,,48356845.944908,"835"
GBSOJNFYK4K7EEJ6UHFG2KJGMA5F26UH2ZDM4EX5PAC2YDKNBZL5DQ7E,,47401253.238044,"130"
GATQWQQFK5MMLQPYGMC6WGCGIGZFKRKC6273W7HQ5L3T5GMQW2POWPR6,,47401253.238044,"137"
GA7PFME4FXPT56SRTFNIPJ6IBPVJOGDOGT4XTXYOMN2CKOHEDJRRSDEC,,47401253.238044,"131"
GAMHDLUOYGEOYOE4XMX5V5OHLYHXAU2D2FA5TAV3ORWPRH6T2N7QQR2I,,47401253.238044,"131"
GATSC57E6JTEQMTWD67KNMA2FVFLBVKU7KXUSR5W4BAMPXGNOWH4KT74,,47128766.599482,"129"
GABSIYFWCQDBBPBLHM4N5HMNUSGXZJP7FXOAWE55DICDBG4TYVBBYKXB,,47128766.599482,"143"
GCR6IVQGQG5WZSIT6GID5QXTMBBMHHJ2PRESUKHVJG5B3BNADQ4O27FS,,47128766.599482,"127"
GDNCMZSXST5YN6QDOEI2WV7FZSTC2UUXSK3IIMBZ4JAZG3VXEMR2NGK7,,46945257.41604,"24"
GDNLCQTHJLNEUHD7OFS2SRK4VZUAAUBHNZSHY5LO3VWPVGVMCDFWAI7I,,46000039.01602,"59"
GAKKR7DJBKR7YDDKSZTUIF2DUEDMCIL4H466X6XDBUMD7NJLOS4CMFTR,,45724707.266504,"851"
GCHP3WJKQQSTDKBBXKYQ7CNTSEA2NHGNLGYC2KHK56MJZQERAAK5DM73,,45630244.186457,"26"
GC4TKGBKGU3KL5QBZAXLPR4I2CENIDLZ6ZRZUVAQ45FWTIXLU4NOK6QW,,45630244.186457,"91"
GBLMNYACTD5LHXCD2LQRVTVSODZMLJDOHY53OG6VNIODJZPCG5IBTM3O,,45630244.186457,"27"
GBEZ7MKBHVPJYQ4PWUM75ZDTOJQ26RI75S4L342WJUY4RURR3ITCIZQU,,45410792.363931,"203"
GBUWONOXQ4VOVWNSKUO3G7ZSXGYLOJAWD3YVWTE5AHF6Z7WE7CQCXGAN,,44620427.722967,"113"
GCRWZGRCYL2BFGTKIUQ3KIQA4KC4TQJGMIXFGWIJN2KZF6YIANUP46AG,,44000011.00608,"49"
GDUST544JNATIO2VI3L7LXHVJFZXNYRWIKNMGRV2RZFZOOBE635SEI4C,Bitrue,43198087.458706,"612792"
GA3VZ4ZIOX2BIFV2FLDN5UUK55IP7CSSPSJ7SJQGE4RPAW4DYXF2B72Y,,41319673.767652,"352"
GBSE5K6VS3MODHQ7IHH44IC3OR45QYDEAS2L3QVNC3OJL6KBPKKJSVSY,,40800481.455422,"28"
GCOEPUFA4VGWIEEYCSTLOJX2OTUYZ42M6C7HNX4NANIRUNKOFCBXCBHY,,40265561.210306,"427"
GCCDLTT4TTH7NRLLPYK72JDQMA7VECIRDDRP7ZVIZNOE7DLQA5SJUQ5N,,38666429.265091,"114"
GBKZA2QJEWJUWG7ICSS2S63AQULDS7YFI3NJINTPNBKJ7G6CZ6ITOSVP,,38578716.472572,"5"
GD6DGAJNKOJRASIXHL4PNACP7LFL2M5RC7GWJTR6WN4XVETVP2FGDMHZ,,38395121.521746,"7"
GDEHNQVARDRRBJRXHMFJKH736JOALSP6LHCKXRJLRVLKIG7JNO5FR3AW,,37869082.300511,"23"
GBEOVU4G3LSMBU2QOYXUOAX27JNZPTJZMBQZABXR6MQ5FCBXBGFGBY2C,,37792081.299021,"2"
GADSPHISO7TVTCUOGOERQWLIK32VJ2UABY4G7FPQVFYJR4G6BPROEK5B,,37633101.773883,"2"
GBJVGBR32KIXH23DOK35JU7WAUQ6ZA5CIXMHJKJ5JGGUCQZ4BWBLUZJJ,,37235754.694154,"2"
GDJ73GJW3GB7CTEHPE5UMH3BDW4VFXKBSA5YSUTRX7R4Z5Z3QUDVPDCV,,37158581.777295,"2"
GASKO7E4NOEF3NTHQM53NMHTGWUGHK6MOI34OUICWZUA4N7QRBZ5SR4B,,35087641.46697,"25"
GCDJT6FUGXHAAMPL4LFNRX7PB7IXS2G2KELASD45WW3VEQ5TAXLTYHMT,,34581628.835423,"7"
GBQSO7OA2MKIFIEI5W42R47WDBIMB7COBN4QCY76FRBTWSJYJAD3SCC7,,34175407.160749,"684336"
GDGUZ55M2QXLU7SHFQ7I7OXH7OHQMKLOVOPOCWX2FH6Z6R4AGAYUCOWU,,34174078.58317,"684"
GACPVRC6IUTOXY4NZ6T54VOEBL7UCVUD4IGTUBBDHHCQKBZWSGBQYYXB,,33319204.094582,"6"
GCPBVJ66Y3TVCXSV6QVUUFX2MUYVJQ4O7AD3XKN3ZMLFZEJ6PRT2PFWC,Coinbase,31929106.141183,"102"
GDGCDU5OLMJ3PT2HSDACJRHMLUWPTLUERWHX7TOR7DTO3IMI5GBZSMYL,Coinbase,31868351.21991,"91"
GCTQR4WHN4VDLBZIN7NWAOEGLQZVU4EASCXZLKN7VKBYDXQY4IAP3XW5,Coinbase,31391750.162844,"88"
GDLNUWHCGELKW6OA7KBLNRBHUR7QN76X3W3LNQ3QCTZ7PBGQCB34EYGD,Coinbase,31384828.071968,"104"
GDYAIQEA6VFM6LCCLJBGKIMVXL2YNLGGJJD4DN5DZ3VV6UOVX4X5LK4V,Coinbase,31282650.881587,"104"
GBQO7K47PQ4KSURCM4LYXROCDNBWUKSYJA7XKS53MYKZCKQGBCC5OIZY,,31108799.091054,"2"
GADBOG3WWJ6Q7IUZENFAXU6GIY5CRXUYVWUCEVNY2DUDXXQPDMGINUL4,,30321161.638523,"24711"
GDTPX625BCYNEMY43OKDVSZFWQGBCFC6DVEERGGN4Y5L2MIQ55LJMHGS,,30026937.198797,"176"
GAKGC35HMNB7A3Q2V5SQU6VJC2JFTZB6I7ZW77SJSMRCOX2ZFBGJOCHH,SDF Direct Development (Hot 4),29829828.846049,"2309"
GDLCYNVBXFYWGJSAWTD5SZKLBXRJBKL4GQCPCJQFZDS3XQ4BMN7UQF7M,,29495992.4599,"61"
GDHTRGWEPHTX2UZGUF2HBECHEIUKLGRVJM6GKX4N3ZR44RHFX6YHV7YZ,,28758829.666733,"80"
GCRJROYL4MFGCGFC3VB7NNQ7QQMOAXUWHCV7IJYTDZHQWII5GN7D4J6F,Coinbase,28575909.087476,"86"
GCAL3TRGIGZNBLQ7SZPLFJX7SAW3HGVAMGNT2UOIAYOVGY4RAPEZLSKV,,28448486.750031,"894041"
GBR3K7R7WWMRIH32LSC2KWRUPY7OJIYXGQBPL2IRRYTECBI6CCPRVMDM,,27877299.01587,"83"
GA6CMIHO3KRH2BN2Q3SLDVM42YHLNDH6II6UZARSOJA27DDYCHAUUMUG,,27803414.944277,"98"
GAU5RIRH2V4OQZMUWZ64WCZD4KHJ5RJ2NGTYGDVPUVKRRVXDSZU3IFTL,Coinbase,26549359.558897,"86"
GB4BMX6Z7QP3XX7QACLMSMIMFITCIQ37CTOY7ETEIY6VULCDKVUOLCMA,,26520790.101661,"5"
GAX3BRBNB5WTJ2GNEFFH7A4CZKT2FORYABDDBZR5FIIT3P7FLS2EFOZZ,SDF User Acquisition - In-App Distribution (Hot),26320646.765401,"118070"
GAOFJXGAZR25EMZIKBIGVOTY7GCGYP6763EK2GWMSV2GAW2H4JOKA3LN,,26294515.397372,"2"
GAJ6SUBJUW7MRQLXHGE3RRMUD7L3JLXLHKKQFYDYJRNRR4OAVIZDIHHD,,26229016.621405,"3"
GDRRTV6AQF7IFWTN3NBBAR2MTF52Y7V7REC4FYHLGBW6EXNH4LTHU5AT,Coinbase,26027912.430474,"81"
GA6RTFR6TVTPYLGRAU5OVLD5CMBM7WYMJ73YBDEHD33L3N3OCQCNAP2S,,25647081.830025,"154"
GCVNHGRBEHF2RXZWTXVL4EQSJN6GYWIGODVCQXYKORBGFKI3JJMQ6IUM,Coinbase,25073073.219695,"80"
GAKC5XG2DDUGTAANJJA7NQ54B3U7HN5UQC7R7CIL4GO5RD5FXIHCC5T6,,24491577.8592,"91"
GDT5JWVITDHN6KKX6AX3EK57FOHU4Y5DQWEXAQGPHV3J5OVDUW5NJAG5,,24491577.8592,"102"
GAWFASEXIA5YIT6E3ZXISKOQNKAD453BJ36OTZVWPES575F4Z57G6NRG,,24491577.8592,"83"
GDBUA654WANL2VVIDDRPPGOZJSD7GRQUTPMIUHISGABPMEXZFGWNCJ2R,,24491577.8592,"113"
GDZG73HZFVAGR3BTL5UCFIZHRX3VBNENUOCHUKATR22HPDVY55VOK65N,,24491577.8592,"131"
GDEGY2C2R37MNJX2W7H2FHYKLOHPGUIF5IXLLS7UVU4CPEN423OQR64D,,24491577.8592,"105"
GBWEPD6OYQBYDCV2J4KPA7DAKQH2VRHZGUKJAQPOTU3FUJ6ECR3TUWY6,,24491577.8592,"100"
GBAO6TJC2MQG56MJL6XA5AM4EXPBZYOOTLHQXAT4WG4C7RZC5DQCGSBU,,24491577.8592,"96"
GBNFJLI4NSCRAMQRYCXW26NE7JLZARJL7ZC3APXXGLNPPKZIXC5U44ID,,24491577.8592,"110"
GBOC7RTAHKSY2V45ZSD6XCFSENWHCA6EBWDNCJWF64VX3PKFKXHF767B,,24491577.859199,"111"
GA4HRC6TAQXHKRSVDV3PB4SM43DSNNVW76K6JYGIG4NDOUPUI42VAIMW,,24491577.859199,"143"
GDZCKDABUFLC4XEEVUO3ZTEFX6A23YLGADMJCYAZJD37JIDZTEQ62PYR,,24491577.859199,"80"
GC7746EUQE3H5RRMTCKJ3RFGEQ7YYPY2WATOJZ7H2O4HWV3NXTQSVNRQ,,24491577.859199,"126"
GDCJFJKO6GLFNXBRMCXI3PIQ6UUD27UCKERJNJHJDZT6LGTLB7TZHZH4,,24491577.859199,"82"
GBLEFJECSA4PKGQUQSR7ICUPMIJTRZETLARIIUBCVLAUV4N3JLAJGVCH,,24157614.225009,"212"
GAYFUZ7NAUYZ6RVYVKBEHKPUFWIUWXGGMBI3W3G4XKJEQOK2ZIFAP4RE,,24013284.065312,"537"
GB554CPXC2T37J2ABBF4GNZBAAOZFM5FOC6BHYHRKTQ5YBQ3K2YBM3AC,Coinbase,24006891.529205,"114"
GBCEYVPTL6BFCEIAVTSWVLEKCLVKEPSBXXM6BMHCN5A6VFANO4KWCVZI,Coinbase,24006891.529205,"78"
GCNTEQIUTCVJ2F5H4UNUIXVLH2ERVNFZVDXENCSTMXSZLC3JX6LBE2Z7,Coinbase,24006891.529205,"78"
GBWQ6ZLHG7YNWQ75GCJZCEUY3Q4U2K7AXRQAG5T6KSDWQLNYAYH44GY6,,24006891.529205,"78"
GCIWLLSJ77KV7CWWZVXL3LW5YRTQJIWSWXCFQ6AKH72A5MLWE733WMDJ,Coinbase,24006891.529205,"77"
GCVRWZARQE5X4TJU5EPEIKSRN3AD2EQZIKLSIIQNBOADJEXI6DBVHGDC,,24006891.529205,"78"
GCN3BQM4FTHYKV6CXOFPIDDTCFAOTXMNOYOXQEEC6C7OND3C5ID5M4CG,,24006891.529205,"78"
GCU4OGLC5ZKQWHSYB7YFXJMNUPKB7KUL3EJE64XOVIV2GUSL5Y5SORXH,,23895606.948629,"7"
GDJFD7AJK2PCOELYKLXHUIPOMY3QKNKLIIZS5YLVDUZS7M7IPAXWYYQP,,23741870.13087,"64"
GDGY6T3RBWDDUW7RSVR2OALK5C2IKQHPMLTIYNOPUX4L76VFAUBQK7EW,,23385640.01589,"64"
GAOWSCWNM7C5UG5KXMF34I6DG7WOKR7B4QIL22CMXLKMLGDNNICCADW7,,23124068.143841,"113"
GCOINSKIBDB7E4YUMZVEATT7JRIWLUPH6CBS63FYIZ4DWDXH3P6U6XIU,,22097494.712344,"39675"
GBSICA5KWKVGOKHYJOP2ADZR7YMILXY2K2WYBYIC2QQG7MG2FZ4PGUIQ,,21746984.26761,"2"
GCNZ3SFMGWKHTFFDEAB2QYQRCIZUQ55DULDF775WH7JR77P7UPJLMY2U,,21479180.02555,"78001"
GCK2GQAAKXLSOKPUUB5OSWJCQMNNNHJCEIMBDNIBGDMNE5QFQZ67NIF4,,21259217.605817,"544"
GAP2KHWUMOHY7IO37UJY7SEBIITJIDZS5DRIIQRPEUT4VUKHZQGIRWS4,,21156412.733166,"186"
GDXZG2CZZC2B644PKQSPY4KMTKHTZV26266MR3PB5F7TEXUOULUPZZQ6,,20968686.733771,"170"
GCLPS5PT7K3YC5OWWHFNXHWMJ4A3UM6QHQUBMFAWGK3TKCIBSCMU7UGS,,20726188.050991,"547"
GA3NTBDIKQVDDM6ZDKJLGXJFESWJ636AGRIW34RH5WL24LUMX3YASKX2,,20576740.441837,"246585"
GBC6NRTTQLRCABQHIR5J4R4YDJWFWRAO4ZRQIM2SVI5GSIZ2HZ42RINW,GateIO,20505301.619038,"695448"
GCF7F72LNF3ODSJIIWPJWEVWX33VT2SVZSUQ5NMDKDLK3N2NFCUAUHPT,Poloniex,20176626.064876,"74734"
